reddit_post_id,fullname,subreddit,subreddit_scope,title,selftext,url,permalink,author,created_utc,created_at,score,upvote_ratio,num_comments,over_18,stickied,locked,query_source,retrieved_at,source,relevance_status,relevance_score
1lmme5u,t3_1lmme5u,anime_titties,all,A Special ‘Climate’ Visa? People in Tuvalu Are Applying Fast. • Nearly half the citizens of the tiny Pacific Island nation have already applied in a lottery for Australian visas amid an existential threat from global warming and sea-level rise.,"As sea levels rise, Australia said it would offer a special, first-of-its-kind “climate visa” to citizens of Tuvalu, a Polynesian island nation of atolls and sandbars where waters are eating away at the land. The visa lottery opened last week, and already nearly half of Tuvalu’s population has applied. By any measure, Tuvalu is one of the smallest countries in the world. It’s home to just 10,000 or so people scattered across nine small coral islands that add up to less than 10 square miles. It has been losing land to rising seas and further losses could make it one of the first countries to become uninhabitable because of climate change. Seawater is increasingly seeping into the country’s few drinking-water wells. Within a century, [some scientists predict,](https://www.youtube.com/watch?v=Gp14MhdaSTs) the twice-daily high tide alone will inundate more than 90 percent of the country’s capital, the island of Funafuti, as well as Tuvalu’s only airport. Most Tuvaluans live on Funafuti, which is just a few feet above sea level. Concerns like these underpinned an agreement two years ago between Tuvalu and Australia, with the latter pledging not just to help build sea walls but to grant a special visa to 280 Tuvaluans per year that would “provide a pathway for mobility with dignity as climate impacts worsen.” The agreement, known as the Falepili Union treaty, allows grantees to obtain permanent residency and move freely between the countries. But both countries have taken pains to avoid using language that implies that Tuvalu may one day cease to exist. Should the most dire predictions come true, Tuvalu would be a test case for how the world treats a citizenry who haven’t lost their land to annexation but to a changing climate. ----- [You can read a copy of the rest of the article here.](https://archive.is/JVaTq)",https://reddit.com/r/anime_titties/comments/1lmme5u/a_special_climate_visa_people_in_tuvalu_are/,/r/anime_titties/comments/1lmme5u/a_special_climate_visa_people_in_tuvalu_are/,Naurgul,1751115997,2025-06-28T13:06:37Z,139,0.97,11,False,False,False,Falepili Union,2026-08-19T06:10:30Z,redditapis_search,directly relevant,1
1llgem6,t3_1llgem6,veritynews,all,🚨🇹🇻🌏 THIRD OF TUVALU CITIZENS SEEK AUSTRALIA CLIMATE VISAS,"**Pro-establishment narrative**: This groundbreaking climate visa program represents Australia's genuine commitment to helping Pacific neighbors facing existential climate threats. The treaty affords dignity and choice to Tuvaluans while legally recognizing their nation's sovereignty despite the rising seas. It's a model for addressing climate migration that other countries should follow. **Establishment-critical narrative**: The Falepili Union was negotiated in secrecy without a proper parliamentary process, representing modern-day colonialism at its worst. Australia gains veto power over Tuvalu's defense decisions while draining the nation of its people and cultural knowledge. This treaty erodes sovereignty rather than protecting it. **Narrative C**: Mass emigration could drain Tuvalu's skilled professionals and young talent, potentially imperiling the nation's future development. Small island states have limited job opportunities, with agriculture being difficult and fisheries offering limited employment opportunities despite their potential. **Narrative D**: Tuvalu's challenges have no direct relation to the climate crisis. Natural geological shifts, tides, and local land use practices have a significant role in contributing to land loss and flooding. Sea-level rise is overstated, and Tuvalu's issues stem more from development practices than from the impacts of global climate change. https://verity.news/story/2025/third-of-tuvalu-citizens-seek-australia-climate-visas?utm_medium=repost21262",https://reddit.com/r/veritynews/comments/1llgem6/third_of_tuvalu_citizens_seek_australia_climate/,/r/veritynews/comments/1llgem6/third_of_tuvalu_citizens_seek_australia_climate/,DeepDreamerX,1750984502,2025-06-27T00:35:02Z,2,1.0,1,False,False,False,Falepili Union,2026-08-19T06:10:30Z,redditapis_search,directly relevant,1
1c22ffz,t3_1c22ffz,sdrawkcabtidder,all,"King tides cause new levels of devastation in Tuvalu, as nation weighs up Falepili Union treaty",,https://reddit.com/r/sdrawkcabtidder/comments/1c22ffz/king_tides_cause_new_levels_of_devastation_in/,/r/sdrawkcabtidder/comments/1c22ffz/king_tides_cause_new_levels_of_devastation_in/,Spritely_lad,1712904268,2024-04-12T06:44:28Z,1,1.0,0,False,False,True,Falepili Union,2026-08-19T06:10:30Z,redditapis_search,directly relevant,1
1c1ybhq,t3_1c1ybhq,EcoNewsNetwork,all,"King tides cause new levels of devastation in Tuvalu, as nation weighs up Falepili Union treaty",,https://reddit.com/r/EcoNewsNetwork/comments/1c1ybhq/king_tides_cause_new_levels_of_devastation_in/,/r/EcoNewsNetwork/comments/1c1ybhq/king_tides_cause_new_levels_of_devastation_in/,Kunphen,1712890328,2024-04-12T02:52:08Z,2,1.0,0,False,False,False,Falepili Union,2026-08-19T06:10:30Z,redditapis_search,directly relevant,1
1c1vium,t3_1c1vium,NoFilterNews,all,/r/worldnews - https://www.abc.net.au/news/2024-04-07/tuvalu-weighs-falepili-union-treaty-king-tides/103669542,/r/worldnews https://www.abc.net.au/news/2024-04-07/tuvalu-weighs-falepili-union-treaty-king-tides/103669542,https://reddit.com/r/NoFilterNews/comments/1c1vium/rworldnews/,/r/NoFilterNews/comments/1c1vium/rworldnews/,Faction_Chief,1712882470,2024-04-12T00:41:10Z,1,1.0,0,False,False,False,Falepili Union,2026-08-19T06:10:30Z,redditapis_search,directly relevant,1
1c1vgog,t3_1c1vgog,NoFilterNews,all,/r/news - https://www.abc.net.au/news/2024-04-07/tuvalu-weighs-falepili-union-treaty-king-tides/103669542,/r/news https://www.abc.net.au/news/2024-04-07/tuvalu-weighs-falepili-union-treaty-king-tides/103669542,https://reddit.com/r/NoFilterNews/comments/1c1vgog/rnews/,/r/NoFilterNews/comments/1c1vgog/rnews/,Faction_Chief,1712882310,2024-04-12T00:38:30Z,1,1.0,0,False,False,False,Falepili Union,2026-08-19T06:10:30Z,redditapis_search,directly relevant,1
1c1twxs,t3_1c1twxs,news,all,"King tides cause new levels of devastation in Tuvalu, as nation weighs up Falepili Union treaty",,https://reddit.com/r/news/comments/1c1twxs/king_tides_cause_new_levels_of_devastation_in/,/r/news/comments/1c1twxs/king_tides_cause_new_levels_of_devastation_in/,theluckyfrog,1712878230,2024-04-11T23:30:30Z,255,0.93,8,False,False,False,Falepili Union,2026-08-19T06:10:30Z,redditapis_search,directly relevant,1
1c1tw5p,t3_1c1tw5p,worldnews,all,"King tides cause new levels of devastation in Tuvalu, as nation weighs up Falepili Union treaty",,https://reddit.com/r/worldnews/comments/1c1tw5p/king_tides_cause_new_levels_of_devastation_in/,/r/worldnews/comments/1c1tw5p/king_tides_cause_new_levels_of_devastation_in/,theluckyfrog,1712878178,2024-04-11T23:29:38Z,48,0.84,1,False,False,False,Falepili Union,2026-08-19T06:10:30Z,redditapis_search,directly relevant,1
1c19h27,t3_1c19h27,environment,all,"King tides cause new levels of devastation in Tuvalu, as nation weighs up Falepili Union treaty",,https://reddit.com/r/environment/comments/1c19h27/king_tides_cause_new_levels_of_devastation_in/,/r/environment/comments/1c19h27/king_tides_cause_new_levels_of_devastation_in/,UniProcrastinator,1712822106,2024-04-11T07:55:06Z,11,0.84,1,False,False,False,Falepili Union,2026-08-19T06:10:30Z,redditapis_search,directly relevant,1
1bxs56k,t3_1bxs56k,Oceania,all,"King tides cause new levels of devastation in Tuvalu, as nation weighs up Falepili Union treaty",,https://reddit.com/r/Oceania/comments/1bxs56k/king_tides_cause_new_levels_of_devastation_in/,/r/Oceania/comments/1bxs56k/king_tides_cause_new_levels_of_devastation_in/,hydralime,1712453489,2024-04-07T01:31:29Z,13,1.0,0,False,False,False,Falepili Union,2026-08-19T06:10:30Z,redditapis_search,directly relevant,1
1b1of52,t3_1b1of52,europeanunion,all,More than just a climate deal: The Australia-Tuvalu Falepili Union treaty and the EU’s potential contribution to the Pacific,,https://reddit.com/r/europeanunion/comments/1b1of52/more_than_just_a_climate_deal_the_australiatuvalu/,/r/europeanunion/comments/1b1of52/more_than_just_a_climate_deal_the_australiatuvalu/,sn0r,1709071227,2024-02-27T22:00:27Z,5,0.86,0,False,False,False,Falepili Union,2026-08-19T06:10:30Z,redditapis_search,directly relevant,1
1ft9v3c,t3_1ft9v3c,australia,australia,"Australia’s ‘immoral’ coalmine decision akin to drowning Pacific neighbours, Tuvalu climate minister declares",,https://reddit.com/r/australia/comments/1ft9v3c/australias_immoral_coalmine_decision_akin_to/,/r/australia/comments/1ft9v3c/australias_immoral_coalmine_decision_akin_to/,B0ssc0,1727738854,2024-09-30T23:27:34Z,278,0.87,76,False,False,False,Tuvalu,2026-08-19T06:25:01Z,redditapis_search,directly relevant,1
17rw0dh,t3_17rw0dh,australia,australia,Australia to offer residency to people from Tuvalu displaced by climate change,,https://reddit.com/r/australia/comments/17rw0dh/australia_to_offer_residency_to_people_from/,/r/australia/comments/17rw0dh/australia_to_offer_residency_to_people_from/,SydneyTom,1699590046,2023-11-10T04:20:46Z,475,0.92,101,False,False,False,Tuvalu,2026-08-19T06:25:01Z,redditapis_search,directly relevant,1
1ma5xa3,t3_1ma5xa3,australia,australia,"Tuvalu launches a unique migration program, allowing residents to move to Australia due to climate change threats, with over 5,000 applications already received.",,https://reddit.com/r/australia/comments/1ma5xa3/tuvalu_launches_a_unique_migration_program/,/r/australia/comments/1ma5xa3/tuvalu_launches_a_unique_migration_program/,cojoco,1753568125,2025-07-26T22:15:25Z,937,0.96,92,False,False,False,climate migration,2026-08-19T06:25:01Z,redditapis_search,directly relevant,1
