reddit_comment_id,reddit_post_id,parent_id,body,author,created_utc,created_at,score,is_submitter,depth,retrieved_at,source,more_count,relevance_status,relevance_score,thread_relevance_status,content_status
n08oz2d,1lmme5u,t3_1lmme5u,This is going to be the grim reality for many island nations.Tuvalu is lucky as Australia can easily absorb their tiny population. For others it would hashing out a similar deal with other countries or making any kind of ocean protection with their money or risk vanishing.,maliciousprime101,1751118748.0,2025-06-28T13:52:28Z,29.0,False,0,2026-08-19T00:34:28Z,reddit_json_comments,,directly relevant,1,,available
k8m461u,17rw0dh,t3_17rw0dh,"My favourite fun fact about Tuvalu is that it owns/is assigned the internet country top-level domain .tv which is popular commercially for obvious reasons. The proceeds of commercializing this go to the Tuvalu Future Now project which deals with preparing the country for the impact of climate change. Due to the fact that this country will almost certainly cease to exist at some time in the near future, ICANN has had to make a statement about what would happen to the tv domain - which is that .tv will cease to exist. [https://en.wikipedia.org/wiki/.tv](https://en.wikipedia.org/wiki/.tv)",NoiseOk9439,1699597199.0,2023-11-10T06:19:59Z,119.0,False,0,2026-08-19T06:34:24Z,reddit_json_comments,,directly relevant,1,directly relevant,available
k8mo74o,17rw0dh,t1_k8m461u,Damn. Have you got a link to the ICAN statement? I wanna read up on it,pioverpie,1699612449.0,2023-11-10T10:34:09Z,12.0,False,1,2026-08-19T06:34:24Z,reddit_json_comments,,contextually relevant,0,directly relevant,available
k8n3c94,17rw0dh,t1_k8m461u,"I doubt .tv would disappear. .su still exists, and while currently able to be claimed by another country, it still maintains what few soviet domains still exist. While .yu has disappeared, .tv has enough commercial interests that despite Tuvaluan dissolution, if the country does vanish, .tv is likely to keep existing.",evilparagon,1699621796.0,2023-11-10T13:09:56Z,15.0,False,1,2026-08-19T06:34:24Z,reddit_json_comments,,contextually relevant,0,directly relevant,available
k8nrgw4,17rw0dh,t1_k8m461u,I wonder how much they make from Twitch,Soccera1,1699631914.0,2023-11-10T15:58:34Z,3.0,False,1,2026-08-19T06:34:24Z,reddit_json_comments,,contextually relevant,0,directly relevant,available
k8lxxad,17rw0dh,t3_17rw0dh,"[Anthony Albanese offers Tuvalu residents the right to resettle in Australia, as climate change 'threatens its existence'](https://www.abc.net.au/news/2023-11-10/tuvalu-residents-resettle-australia-sea-levels-climate-change/103090070) Love this photo of Tuvalu's Foreign Minister Simon Kofe trolling the UN: https://live-production.wcms.abc-cdn.net.au/df0c73d372eb252921e14ae94bbb854c?impolicy=wcms_crop_resize&cropH=1307&cropW=1961&xPos=708&yPos=588&width=862&height=575",2littleducks,1699593412.0,2023-11-10T05:16:52Z,88.0,False,0,2026-08-19T06:34:24Z,reddit_json_comments,,directly relevant,1,directly relevant,available
k8lsrz6,17rw0dh,t3_17rw0dh,"This is a good thing to do for our neighbors, population of just over 11k",stillapunk,1699590592.0,2023-11-10T04:29:52Z,204.0,False,0,2026-08-19T06:34:24Z,reddit_json_comments,,contextually relevant,0,directly relevant,available
k8ltlfh,17rw0dh,t1_k8lsrz6,"""Natano \[Tuvalu's PM\] says they also have diplomatic relations with Taiwan. China also approached the Pacific nations about having ties, but because of the One China policy, the dialogue did not continue."" nice.",stillapunk,1699591025.0,2023-11-10T04:37:05Z,102.0,False,1,2026-08-19T06:34:24Z,reddit_json_comments,,contextually relevant,0,directly relevant,available
k8mav2b,17rw0dh,t1_k8lsrz6,We could take in both Tuvalu and Nauru in a single year.,a_cold_human,1699601852.0,2023-11-10T07:37:32Z,36.0,False,1,2026-08-19T06:34:24Z,reddit_json_comments,,contextually relevant,0,directly relevant,available
k8mb0ox,17rw0dh,t1_k8lsrz6,"yes it’s good but what would be even better would be to stop approving new fossil fuel projects and stop contributing to the climate issues that are causing their country to disappear. it’s just damage control at this point, and immigrants benefit us immensely so we are basically saying it’s fine if we literally sink your country because we’re going to let a select few come here and continue to benefit us",Pigsfly13,1699601967.0,2023-11-10T07:39:27Z,35.0,False,1,2026-08-19T06:34:24Z,reddit_json_comments,,contextually relevant,0,directly relevant,available
k8r85pu,17rw0dh,t1_k8mb0ox,"Isn't it too late though? And it's not realistic. People need tangible solutions to impending problems, especially while their nation is literally sinking.",[deleted],1699686024.0,2023-11-11T07:00:24Z,2.0,False,2,2026-08-19T06:34:24Z,reddit_json_comments,,contextually relevant,0,directly relevant,available
k8r8ixd,17rw0dh,t1_k8r85pu,"absolutely not too late? if we stopped being a selfish country we could actually make a different, yes they need solutions, and this is helpful in the case that we keep adding to their problems, but we should be helping them keep their country, not destroying it and welcoming them to ours",Pigsfly13,1699686305.0,2023-11-11T07:05:05Z,1.0,False,3,2026-08-19T06:34:24Z,reddit_json_comments,,contextually relevant,0,directly relevant,available
k8r9bf1,17rw0dh,t1_k8r8ixd,>if we stopped being a selfish country we could actually make a different Right. If... That's not going to happen. Our chance as a global community to turn around is long past. We have been faced with the evidence for around a century and we have chosen to go down this path. I love the idea of transitioning away from fossil fuels but in reality that would mean the death of millions. How do you rationalise that?,[deleted],1699686899.0,2023-11-11T07:14:59Z,1.0,False,4,2026-08-19T06:34:24Z,reddit_json_comments,,contextually relevant,0,directly relevant,available
k8rehe0,17rw0dh,k8r9bf1,,,,,,,5,2026-08-19T06:34:24Z,reddit_json_more_placeholder,6.0,contextually relevant,0,directly relevant,deleted_or_unavailable
k8m789x,17rw0dh,t3_17rw0dh,I've always thought that the biggest climate change deniers are also the ones most against immigration. Will be fascinating to see it play out.,evilabed24,1699599210.0,2023-11-10T06:53:30Z,104.0,False,0,2026-08-19T06:34:24Z,reddit_json_comments,,contextually relevant,0,directly relevant,available
k8mbi17,17rw0dh,t1_k8m789x,Their lands aren't really underwater. It's all a lie like those damn boat people lying about wars we definitely didn't start or cause! Throw them in the offshore concen--- detention centre!,DPVaughan,1699602338.0,2023-11-10T07:45:38Z,20.0,False,1,2026-08-19T06:34:24Z,reddit_json_comments,,contextually relevant,0,directly relevant,available
k8mr3io,17rw0dh,t1_k8mbi17,"Our offshore concendetention centre is underwater, Sir. What do we do now?",oldmanserious,1699614590.0,2023-11-10T11:09:50Z,5.0,False,2,2026-08-19T06:34:24Z,reddit_json_comments,,contextually relevant,0,directly relevant,available
k8qzwy8,17rw0dh,t1_k8mr3io,Lies! Thought crime! Climate change is a hoax! Off to the offshore concendetention centre for you! Edit: I forgot to mention we amended the Migration Act explicitly banning climate change from happening so it's all good.,DPVaughan,1699680498.0,2023-11-11T05:28:18Z,2.0,False,3,2026-08-19T06:34:24Z,reddit_json_comments,,contextually relevant,0,directly relevant,available
k8sckmg,17rw0dh,t1_k8qzwy8,But sir! The whole facility blub is blub underblubblubblub,oldmanserious,1699712890.0,2023-11-11T14:28:10Z,2.0,False,4,2026-08-19T06:34:24Z,reddit_json_comments,,contextually relevant,0,directly relevant,available
k8n5ihz,17rw0dh,t1_k8mr3io,"Give them snorkels, duh.",Kidkrid,1699622840.0,2023-11-10T13:27:20Z,3.0,False,3,2026-08-19T06:34:24Z,reddit_json_comments,,contextually relevant,0,directly relevant,available
k8nrev4,17rw0dh,t1_k8n5ihz,seems a bit communist to me to give the immigrabnts something,roguish_,1699631894.0,2023-11-10T15:58:14Z,4.0,False,4,2026-08-19T06:34:24Z,reddit_json_comments,,contextually relevant,0,directly relevant,available
k8pf8yt,17rw0dh,t1_k8nrev4,"Just give em the old left right good night, that'll surely fix the problem",Ganzer6,1699654209.0,2023-11-10T22:10:09Z,3.0,False,5,2026-08-19T06:34:24Z,reddit_json_comments,,contextually relevant,0,directly relevant,available
k8mksfd,17rw0dh,t1_k8m789x,"Camps, deportation and mass murder is their reaction to acute situations involving large numbers of people, so it will be horrifying rather than fascinating. The Saudis are 'allegedly' already engaging in that kind of border control. Pakistan is deporting close to a million people. Those immigrations aren't directly climate related, but they are examples of what authoritarians do to outsiders with nowhere else to go.",SemanticTriangle,1699609758.0,2023-11-10T09:49:18Z,6.0,False,1,2026-08-19T06:34:24Z,reddit_json_comments,,contextually relevant,0,directly relevant,available
k8reuf0,17rw0dh,t1_k8m789x,"Trust me, they're going to start believing once huge chunks of India and China become deserts. Just in time to go full eco-fascist and slaughter the millions of refugees that are trying to survive to 'save our nation/culture/way of life'. If we don't get this shit under control *soon*, we're going to be living in the most Interesting Times in history.",[deleted],1699691233.0,2023-11-11T08:27:13Z,1.0,False,1,2026-08-19T06:34:24Z,reddit_json_comments,,contextually relevant,0,directly relevant,available
k8lv7cc,17rw0dh,t3_17rw0dh,"Tuvalu: Hey Australia, can you please stop approving new fossil fuel projects? Our entire country in going underwater. Australia: Nah, but if you let us keep our military base there until the very end and keep China out, we'll let a few of you in each year.",The_Duc_Lord,1699591890.0,2023-11-10T04:51:30Z,248.0,False,0,2026-08-19T06:34:24Z,reddit_json_comments,,contextually relevant,0,directly relevant,available
k8m6pe8,17rw0dh,t1_k8lv7cc,Australia cutting emissions will not help Tuvalu at this point. Global action on emissions reduction was necessary a decade ago. Now all we can do is mitigate and capture carbon.,universepower,1699598896.0,2023-11-10T06:48:16Z,88.0,False,1,2026-08-19T06:34:24Z,reddit_json_comments,,contextually relevant,0,directly relevant,available
k8m889l,17rw0dh,t1_k8m6pe8,Tuvalu has been asking us for decades.,The_Duc_Lord,1699599918.0,2023-11-10T07:05:18Z,60.0,False,2,2026-08-19T06:34:24Z,reddit_json_comments,,contextually relevant,0,directly relevant,available
k8mb4r0,17rw0dh,t1_k8m889l,"I don’t know if you know this, but we tried. A lot. And it was pretty clear who was rat-fucking us on any emissions controls.",universepower,1699602053.0,2023-11-10T07:40:53Z,3.0,False,3,2026-08-19T06:34:24Z,reddit_json_comments,,contextually relevant,0,directly relevant,available
k8mdmiy,17rw0dh,t1_k8mb4r0,"> but we tried Who's ""we"" here? Certainly not our government.",sostopher,1699603952.0,2023-11-10T08:12:32Z,35.0,False,4,2026-08-19T06:34:24Z,reddit_json_comments,,contextually relevant,0,directly relevant,available
k8meba0,17rw0dh,t1_k8mdmiy,Do you remember [this](https://en.m.wikipedia.org/wiki/Carbon_Pollution_Reduction_Scheme) And [this](https://tasmaniantimes.com/2010/06/ruddstar/amp/) And [this](https://amp.theguardian.com/australia-news/2018/aug/20/liberal-party-self-destructing-national-energy-guarantee-malcolm-turnbull-what-you-need-to-know) Not to mention… [this](https://australiainstitute.org.au/post/key-gillard-era-reform-carbon-price-would-have-saved-72-million-tonnes-of-emissions/),universepower,1699604480.0,2023-11-10T08:21:20Z,5.0,False,5,2026-08-19T06:34:24Z,reddit_json_comments,,contextually relevant,0,directly relevant,available
k8mwm8a,17rw0dh,t1_k8meba0,"Sure, and -we- continued to vote in the people who completely defanged each approach, -we- continued to not value and reward those who gave 0 fucks about climate change. You can't pretend that it wasn't the overwhelming majority of the country that fucked us, and that -we- allowed it to happen.",Tymareta,1699618193.0,2023-11-10T12:09:53Z,14.0,False,6,2026-08-19T06:34:24Z,reddit_json_comments,,contextually relevant,0,directly relevant,available
k8r040i,17rw0dh,t1_k8mwm8a,"Yeah, the 2013, 2016 and 2019 elections show we didn't give enough fucks.",DPVaughan,1699680618.0,2023-11-11T05:30:18Z,2.0,False,7,2026-08-19T06:34:24Z,reddit_json_comments,,contextually relevant,0,directly relevant,available
k8miogl,17rw0dh,t1_k8m6pe8,Carbon capture? Sounds like a perpetual motion machine to me. Surely any electricity generated to capture carbon would be better used to displace fossil-fuel produced electricity instead. Or do you just mean trees?,jmads13,1699608024.0,2023-11-10T09:20:24Z,14.0,False,2,2026-08-19T06:34:24Z,reddit_json_comments,,contextually relevant,0,directly relevant,available
k8ml9fa,17rw0dh,t1_k8miogl,"I mean anything, but there are actually CCS plants in use today. It’s worth noting the IPCC are pushing hard on CCS, too. https://en.m.wikipedia.org/wiki/Carbon_capture_and_storage",universepower,1699610145.0,2023-11-10T09:55:45Z,0.0,False,3,2026-08-19T06:34:24Z,reddit_json_comments,,contextually relevant,0,directly relevant,available
k8mj75n,17rw0dh,t1_k8m6pe8,"I agree that Tuvalu is probably fucked regardless but that defeatist attitude in the second part of your post is bullshit. That just gives people an excuse to do nothing. ""Oh well we can't Indo the damage so we should just do nothing"", it's bullshit. If we emit less greenhouse gases we will have a cooler climate. To say we can't do anything is crap.",chris_p_bacon1,1699608440.0,2023-11-10T09:27:20Z,10.0,False,2,2026-08-19T06:34:24Z,reddit_json_comments,,contextually relevant,0,directly relevant,available
k8ml438,17rw0dh,t1_k8mj75n,"No, it doesn’t, it’s pragmatic and realistic. Thinking that they only option open is carbon elimination doesn’t actually help. A global approach to decarbonisation was necessary, and it hasn’t happened. We can stand around flagellating ourselves for not doing things decades ago, or we can work really hard on trying to do something. Even if we stopped all carbon production globally tomorrow, we’re still on track for multi-degree average warming. We have to decarbonise, and we also have to get carbon out of the atmosphere.",universepower,1699610022.0,2023-11-10T09:53:42Z,8.0,False,3,2026-08-19T06:34:24Z,reddit_json_comments,,contextually relevant,0,directly relevant,available
k8py7ib,17rw0dh,t1_k8ml438,I didn't say it was the only option but it has to be a non negotiable part of our strategy. We absolutely need to cut/eliminate our greenhouse gas emissions. Yeah we need to be realistic about where the climate is going and plan for that but we also need to cut our emissions. We can still influence where the climate ends up. Carbon capture for industries that absolutely can't decarbonise might be a part of the solution. Carbon sequestration from the air is something we should be working on but it's pretty far out. We need to stop putting it there rather than rely on getting it back later.,chris_p_bacon1,1699662177.0,2023-11-11T00:22:57Z,2.0,False,4,2026-08-19T06:34:24Z,reddit_json_comments,,contextually relevant,0,directly relevant,available
k8pn5lx,17rw0dh,t1_k8mj75n,Ascribing emotional labels like defeatism is counter productive at this stage it is just the humane thing to do given the reality of the situation. We knew about climate change 70 years ago and did nothing that would have been the time to actually make a meaningful difference. Now we are going to just be doing management of the on-going catastrophe. If it gets bad enough they will do atmospheric engineering but those effects are completely unpredictable.,Falaflewaffle,1699657392.0,2023-11-10T23:03:12Z,1.0,False,3,2026-08-19T06:34:24Z,reddit_json_comments,,contextually relevant,0,directly relevant,available
k8px6yw,17rw0dh,t1_k8pn5lx,No you're wrong. We can still cut our emissions and stop a bad situation from getting worse. Yes we need to understand the impacts and plan for mitigation but we still absolutely need to cut/eliminate our greenhouse gas emissions. There are still multiple warming scenarios in our future that will depend on our actions now. We still absolutely need to cut our emissions. The best time to act was 70 years ago. The second best is now.,chris_p_bacon1,1699661740.0,2023-11-11T00:15:40Z,2.0,False,4,2026-08-19T06:34:24Z,reddit_json_comments,,contextually relevant,0,directly relevant,available
k8ly3n7,17rw0dh,t1_k8lv7cc,"Okay so Australia doesn't exist anymore, China turns them into a puppet and their island goes underwater still because China is the majority of emissions. I know everyone is emotional and politically invested but the islands are still going under and Australia is still burning from climate change even if we go to to zero tomorrow, the world isn't doing enough and no one cares what a small country like Australia does as a macrocosm of no one caring about minute Tuvalu. Thinking we have power and are the bad guys is coping. We should be thinking about actual solutions, like this plan, but we also need to harden and prepare our infrastructure, economy and society so there is something stable for them to move to. We could pay for that by actually taxing fossil projects etc.",Kom501,1699593516.0,2023-11-10T05:18:36Z,-34.0,False,1,2026-08-19T06:34:24Z,reddit_json_comments,,contextually relevant,0,directly relevant,available
k8lytkf,17rw0dh,t1_k8ly3n7,Why does Australia not exist in this scenario?,The_Duc_Lord,1699593931.0,2023-11-10T05:25:31Z,47.0,False,2,2026-08-19T06:34:24Z,reddit_json_comments,,contextually relevant,0,directly relevant,available
k8lzdty,17rw0dh,t1_k8lytkf,"Don't engage, he tired himself out, best outcome for everyone.",MediumMycologist9849,1699594260.0,2023-11-10T05:31:00Z,30.0,False,3,2026-08-19T06:34:24Z,reddit_json_comments,,contextually relevant,0,directly relevant,available
k8m8u7f,17rw0dh,t1_k8lytkf,to suit his scenario,shitezlozen,1699600352.0,2023-11-10T07:12:32Z,3.0,False,3,2026-08-19T06:34:24Z,reddit_json_comments,,contextually relevant,0,directly relevant,available
k8lzj7f,17rw0dh,t1_k8lytkf,"To highlight we aren't the problem to Tuvalu, as the problem still exists without us?",Kom501,1699594345.0,2023-11-10T05:32:25Z,-23.0,False,3,2026-08-19T06:34:24Z,reddit_json_comments,,contextually relevant,0,directly relevant,available
k8lzqa3,17rw0dh,t1_k8lzj7f,"But we do exist and Tuvalu has been asking us to stop fossil fuel projects for decades. We did nothing. It's not entirely our fault, but significant blame falls at our feet.",The_Duc_Lord,1699594459.0,2023-11-10T05:34:19Z,31.0,False,4,2026-08-19T06:34:24Z,reddit_json_comments,,contextually relevant,0,directly relevant,available
k8m4aww,17rw0dh,t1_k8lzqa3,To simplify it into carbon emissions = sea levels rising then 1% of sea levels rising is due to Australian emissions. 99% of sea levels rising is not.,the__distance,1699597286.0,2023-11-10T06:21:26Z,-3.0,False,5,2026-08-19T06:34:24Z,reddit_json_comments,,contextually relevant,0,directly relevant,available
k8mb93z,17rw0dh,t1_k8m4aww,Does that mean that Australia has to accept 1% of displaced people?,StatusGiraffe,1699602148.0,2023-11-10T07:42:28Z,3.0,False,6,2026-08-19T06:34:24Z,reddit_json_comments,,contextually relevant,0,directly relevant,available
k8meb4i,17rw0dh,t1_k8mb93z,"Sure, if everyone else pulls their weight.",the__distance,1699604477.0,2023-11-10T08:21:17Z,-2.0,False,7,2026-08-19T06:34:24Z,reddit_json_comments,,contextually relevant,0,directly relevant,available
k8mc0ob,17rw0dh,t1_k8ly3n7,">the world isn't doing enough and no one cares what a small country like Australia does I care. Furthermore, Australia is a massive exporter of carbon. We could be doing a lot more than we have. We're a wealthy country and we can do a lot better. Why are we expecting poorer countries to do what we don't?",a_cold_human,1699602731.0,2023-11-10T07:52:11Z,13.0,False,2,2026-08-19T06:34:24Z,reddit_json_comments,,contextually relevant,0,directly relevant,available
k8mhsl3,17rw0dh,t1_k8mc0ob,"For further context, an [Australia institute report from 2019](https://australiainstitute.org.au/wp-content/uploads/2020/12/P667-High-Carbon-from-a-Land-Down-Under-WEB_0_0.pdf) noted that while Australia only accounts for 1.2% of global emissions, it accounts for 7% of the global fossil fuel export market (in CO2-equivalent terms). That puts us behind only Russia and Saudia Arabia at the time of the report.",TroupeMaster,1699607291.0,2023-11-10T09:08:11Z,7.0,False,3,2026-08-19T06:34:24Z,reddit_json_comments,,contextually relevant,0,directly relevant,available
k8n2dq6,17rw0dh,t1_k8lv7cc,waiting gold cats door nine include safe hungry ripe cause *This post was mass deleted and anonymized with [Redact](https://redact.dev/home)*,Ax0nJax0n01,1699621313.0,2023-11-10T13:01:53Z,-1.0,False,1,2026-08-19T06:34:24Z,reddit_json_comments,,contextually relevant,0,directly relevant,available
k8lva9j,17rw0dh,t3_17rw0dh,"As Climate change gets really bad, we are going to see more Climate refugees. I wish we could actively combat it so that these people could keep their homes instead of having relocate to a new country where the population may come to resent them through absolutely no fault of their own. I worry for the future of people from developing countries threatened by Climate change",Bruno_Fernandes8,1699591935.0,2023-11-10T04:52:15Z,90.0,False,0,2026-08-19T06:34:24Z,reddit_json_comments,,contextually relevant,0,directly relevant,available
k8lw0ih,17rw0dh,t1_k8lva9j,"The boat turnbacks were practice for this. Climate refugees, eh? Two highly political words that shouldn't be political that will combine to produce bold new opportunities for vote-winning cruelty.",ahmes,1699592335.0,2023-11-10T04:58:55Z,38.0,False,1,2026-08-19T06:34:24Z,reddit_json_comments,,contextually relevant,0,directly relevant,available
k8lyq5w,17rw0dh,t1_k8lw0ih,It blows my mind that we resorted to offshore detention so quickly when the numbers were at a percent of a percent of what the UN is predicting with climate change. We'll be turning refugees into soap by the end of the century.,TooSubtle,1699593875.0,2023-11-10T05:24:35Z,30.0,False,2,2026-08-19T06:34:24Z,reddit_json_comments,,contextually relevant,0,directly relevant,available
k8m1ldu,17rw0dh,t1_k8lyq5w,Idk why you're getting downvoted for being right,Sparkfairy,1699595578.0,2023-11-10T05:52:58Z,4.0,False,3,2026-08-19T06:34:24Z,reddit_json_comments,,contextually relevant,0,directly relevant,available
k8lxlre,17rw0dh,t3_17rw0dh,Wonder what Herr Kipfler will have to say about this?: [Australia's Peter Dutton laughs at climate disaster in the Pacific](https://old.reddit.com/r/Tuvalu/comments/pfrms9/australias_peter_dutton_laughs_at_climate/),2littleducks,1699593226.0,2023-11-10T05:13:46Z,28.0,False,0,2026-08-19T06:34:24Z,reddit_json_comments,,directly relevant,1,directly relevant,available
k8mda4m,17rw0dh,t3_17rw0dh,Ah remember when .tv was the hip website to have,Fresh_Slip5535,1699603694.0,2023-11-10T08:08:14Z,7.0,False,0,2026-08-19T06:34:24Z,reddit_json_comments,,contextually relevant,0,directly relevant,available
k8m676w,17rw0dh,t3_17rw0dh,"Having been to Tuvalu, I can unreservedly say that theirs is a beautiful culture, and Australia will only benefit from having more connections with it. For young Tuvaluans, even the increased ability to come here and study is a huge thing for their future. I think it's important that we don't lose sight of that, while continuing to apply pressure on the Albanese Government to do more on climate.",assessmentdeterred,1699598567.0,2023-11-10T06:42:47Z,27.0,False,0,2026-08-19T06:34:24Z,reddit_json_comments,,contextually relevant,0,directly relevant,available
k8lxbx0,17rw0dh,t3_17rw0dh,"Migration has turned into Larry Emdur on the Price is Right: ""TUVALU, it's time to come on down!"" *ding ding ding ding*",han675,1699593070.0,2023-11-10T05:11:10Z,17.0,False,0,2026-08-19T06:34:24Z,reddit_json_comments,,contextually relevant,0,directly relevant,available
k8m9oit,17rw0dh,t3_17rw0dh,"Is it just me, I think it would be a good idea to offer these smaller Pacific nations membership into the commonwealth? We get more tropical islands, they get somewhere to move to when the sea level rises (and it would also probably help with economic development).",SupaDupaFly2021,1699600970.0,2023-11-10T07:22:50Z,11.0,False,0,2026-08-19T06:34:24Z,reddit_json_comments,,contextually relevant,0,directly relevant,available
k8mhpjw,17rw0dh,t1_k8m9oit,"On 1 October 1978, Tuvalu became fully independent as a sovereign state within the Commonwealth, and is a constitutional monarchy with King Charles III as King of Tuvalu.",TrollbustersInc,1699607223.0,2023-11-10T09:07:03Z,16.0,False,1,2026-08-19T06:34:24Z,reddit_json_comments,,contextually relevant,0,directly relevant,available
k9rfdh5,17rw0dh,t1_k8mhpjw,Probably means Commonwealth as in Commonwealth of Australia.,LegsideLarry,1700313454.0,2023-11-18T13:17:34Z,1.0,False,2,2026-08-19T06:34:24Z,reddit_json_comments,,contextually relevant,0,directly relevant,available
k8mbbni,17rw0dh,t1_k8m9oit,"We need closer relationships all the Pacific nations. Historically, we've treated them poorly. Also, if it weren't for China trying to buy more influence, I suspect we'd still be doing that.",a_cold_human,1699602203.0,2023-11-10T07:43:23Z,8.0,False,1,2026-08-19T06:34:24Z,reddit_json_comments,,contextually relevant,0,directly relevant,available
k8nstcg,17rw0dh,t3_17rw0dh,Better to sort it out now and make it official with a decent process for entry because soon the flood gates will open with a lot of these Islander nations and we will get overwhelmed when the inevitable starts happening.,BloodedNut,1699632412.0,2023-11-10T16:06:52Z,3.0,False,0,2026-08-19T06:34:24Z,reddit_json_comments,,contextually relevant,0,directly relevant,available
k8p1azf,17rw0dh,t3_17rw0dh,"I mean, this is well and good and we should do this, but it's a bit like accepting defeat as well. ""We don't want to do anything significant to reduce the effects of climate change, so we'll just let you move here when we inevitably destroy your habitat.""",TheLGMac,1699648875.0,2023-11-10T20:41:15Z,3.0,False,0,2026-08-19T06:34:24Z,reddit_json_comments,,contextually relevant,0,directly relevant,available
k8lvt9m,17rw0dh,t3_17rw0dh,It’s the least we can do.,B0ssc0,1699592223.0,2023-11-10T04:57:03Z,21.0,False,0,2026-08-19T06:34:24Z,reddit_json_comments,,contextually relevant,0,directly relevant,available
k8migqp,17rw0dh,t3_17rw0dh,Albo would rather resettle every member of a 3000 year old culture than lightly criticise the coal industry.,Exarch_Of_Haumea,1699607850.0,2023-11-10T09:17:30Z,11.0,False,0,2026-08-19T06:34:24Z,reddit_json_comments,,contextually relevant,0,directly relevant,available
k8mkiwh,17rw0dh,t1_k8migqp,Is criticising them going to stop rising sea levels?,slackboy72,1699609538.0,2023-11-10T09:45:38Z,2.0,False,1,2026-08-19T06:34:24Z,reddit_json_comments,,contextually relevant,0,directly relevant,available
k8mohbu,17rw0dh,t1_k8mkiwh,"He hasn't tried it, so there's no way to know.",Exarch_Of_Haumea,1699612663.0,2023-11-10T10:37:43Z,4.0,False,2,2026-08-19T06:34:24Z,reddit_json_comments,,contextually relevant,0,directly relevant,available
k8qkyou,17rw0dh,t3_17rw0dh,"This was a deal that Australia only made if Tuvalu agrees not to get closer with China and keep an Australian military base lol. It wasn't some generous gesture of goodwill, its a cynical geopolitical power play against China.",jaffar97,1699672462.0,2023-11-11T03:14:22Z,5.0,False,0,2026-08-19T06:34:24Z,reddit_json_comments,,contextually relevant,0,directly relevant,available
k8q9aj1,17rw0dh,t3_17rw0dh,Nice gesture for population of 11.000 where 50% live in NZ,[deleted],1699667054.0,2023-11-11T01:44:14Z,2.0,False,0,2026-08-19T06:34:24Z,reddit_json_comments,,contextually relevant,0,directly relevant,available
k8m8x05,17rw0dh,t3_17rw0dh,expansion important cover hungry telephone zephyr jellyfish beneficial political pet *This post was mass deleted and anonymized with [Redact](https://redact.dev/home)*,Sasquatch-Pacific,1699600408.0,2023-11-10T07:13:28Z,3.0,False,0,2026-08-19T06:34:24Z,reddit_json_comments,,contextually relevant,0,directly relevant,available
k8mqjja,17rw0dh,t3_17rw0dh,"I feel dumb even asking this, but wouldn't a better solution for Tuvalu be to build up the land to a higher elevation? It's only 26 square kilometres, so maybe this would be achievable. Maybe funding is an issue, but countries like Australia would probably, and definitely should, contribute in some way. Or maybe the issue is where the land would come from. Obviously this would have environmental impacts; Tuvalu wouldn't be the same as it was, but surely that's better than it going completely under.",[deleted],1699614192.0,2023-11-10T11:03:12Z,0.0,False,0,2026-08-19T06:34:24Z,reddit_json_comments,,contextually relevant,0,directly relevant,available
k8nbj66,17rw0dh,t1_k8mqjja,"If we're talking only the area, without extra for battering down to the seafloor which is god knows how much more then you're looking at 3 million truckloads for every metre you raise it. That's before you compact it. It will also need to be decent material and not just random soil (silt will wash away, some things might react poorly with water etc) I'm not sure how many bulk carriers that is to get it there in the first place but google and my phone calculator gave me around 150 fully laden ships. Does Tuvalu have a port suitable for these kinds of cargo ships?...the logistics/coordination, practicality and magnitude of the task are all obstacles before you even start talking cost. It would be more useful and infinitely cheaper if they contributed to new homes, cars and employment or training for the residents instead. (Edit: maths)",destinoob,1699625558.0,2023-11-10T14:12:38Z,7.0,False,1,2026-08-19T06:34:24Z,reddit_json_comments,,contextually relevant,0,directly relevant,available
k8p414q,17rw0dh,t1_k8nbj66,"Despite the downvotes, it looks like my question wasn't as dumb as I thought. Tuvalu is doing exactly that. They're not raising the entire land area, but 7.3 hectares of it. Presumably that is mostly the perimeter of the island, because the interior could probably be below sea level without too many issues. 7.3 hectares would correspond to roughly 150 metres of raised land around the perimeter of Tuvalu. [https://www.undp.org/blog/notes-tuvalu-leading-way-adapting-sea-level-rise](https://www.undp.org/blog/notes-tuvalu-leading-way-adapting-sea-level-rise)",[deleted],1699649905.0,2023-11-10T20:58:25Z,4.0,False,2,2026-08-19T06:34:24Z,reddit_json_comments,,contextually relevant,0,directly relevant,available
k8md3nb,17rw0dh,t3_17rw0dh,"Uh that’s cool and all , but where they gonna live ??? People currently living here are homeless without adding more to the mix",ectoplasmic-warrior,1699603559.0,2023-11-10T08:05:59Z,-9.0,False,0,2026-08-19T06:34:24Z,reddit_json_comments,,contextually relevant,0,directly relevant,available
k8mknmv,17rw0dh,t1_k8md3nb,You'd prefer they drown eh?,slackboy72,1699609646.0,2023-11-10T09:47:26Z,17.0,False,1,2026-08-19T06:34:24Z,reddit_json_comments,,contextually relevant,0,directly relevant,available
k8r0ame,17rw0dh,t1_k8mknmv,Have they even *tried* being dolphins? Damn bludgers.,DPVaughan,1699680731.0,2023-11-11T05:32:11Z,1.0,False,2,2026-08-19T06:34:24Z,reddit_json_comments,,contextually relevant,0,directly relevant,available
k8n5w9g,17rw0dh,t3_17rw0dh,How much has the sea risen there in the last decade?,Impossible-War-7662,1699623018.0,2023-11-10T13:30:18Z,0.0,False,0,2026-08-19T06:34:24Z,reddit_json_comments,,contextually relevant,0,directly relevant,available
k8ohm8u,17rw0dh,t3_17rw0dh,Can I get residency due to being displaced by poverty?,[deleted],1699641429.0,2023-11-10T18:37:09Z,-1.0,False,0,2026-08-19T06:34:24Z,reddit_json_comments,,contextually relevant,0,directly relevant,available
k8mpgaa,17rw0dh,t3_17rw0dh,"Where do they live if they accept the offer? We have a major cost of living crisis and a growing homelessness crisis already. Shouldn’t our citizens get help first? If the Government is going to continue to fund and export the Fossil Fuel Industry, why apologise and not instead just get over your “guilt”, if the Government truly felt guilty they’d actively put a stop to it.",WildFire255,1699613392.0,2023-11-10T10:49:52Z,-11.0,False,0,2026-08-19T06:34:24Z,reddit_json_comments,,contextually relevant,0,directly relevant,available
k8mqmq4,17rw0dh,t1_k8mpgaa,Mate there's only 11k of them. I think we can squeeze 'em in.,HavexWanty,1699614255.0,2023-11-10T11:04:15Z,27.0,False,1,2026-08-19T06:34:24Z,reddit_json_comments,,contextually relevant,0,directly relevant,available
lprajlu,1ft9v3c,t3_1ft9v3c,"Dutton went to Gina’s birthday party, Albo just sent her a present.",Toastpirate001,1727752287.0,2024-10-01T03:11:27Z,59.0,False,0,2026-08-19T06:34:24Z,reddit_json_comments,,contextually relevant,0,directly relevant,available
lprcngm,1ft9v3c,t1_lprajlu,"What if the leaders wore logos of the mining companies that the party clearly favours? Oh wait, they do: https://www.sbs.com.au/news/article/why-this-picture-of-anthony-albanese-wearing-a-rio-tinto-shirt-has-raised-eyebrows/7ferwvi9m Such poor and shameless optics.",ScruffyPeter,1727753148.0,2024-10-01T03:25:48Z,21.0,False,1,2026-08-19T06:34:24Z,reddit_json_comments,,contextually relevant,0,directly relevant,available
lpseie7,1ft9v3c,t1_lprcngm,On the contrary: politicians should be required to wear decals showing openly who owns them.,SemanticTriangle,1727776351.0,2024-10-01T09:52:31Z,3.0,False,2,2026-08-19T06:34:24Z,reddit_json_comments,,contextually relevant,0,directly relevant,available
lprlfb4,1ft9v3c,t3_1ft9v3c,Oh Tuvalu thought he was serious when Albo said he'd end the climate wars.,obvs_typo,1727757368.0,2024-10-01T04:36:08Z,26.0,False,0,2026-08-19T06:34:24Z,reddit_json_comments,,contextually relevant,0,directly relevant,available
lpqd6n1,1ft9v3c,t3_1ft9v3c,[deleted],[deleted],1727739772.0,2024-09-30T23:42:52Z,120.0,False,0,2026-08-19T06:34:24Z,reddit_json_comments,,contextually relevant,0,directly relevant,available
lpqvhmp,1ft9v3c,t1_lpqd6n1,"Piggybacking onto this to tell people to vote in alignment with your beliefs, not just the way you always have or the way your parents always have. It's fine to vote ALP your whole life if they truly represent what you believe in for the country. The second they no longer do, drop them for someone who does align with you.",_DrunkenObserver_,1727746550.0,2024-10-01T01:35:50Z,78.0,False,1,2026-08-19T06:34:24Z,reddit_json_comments,,contextually relevant,0,directly relevant,available
lpr3d09,1ft9v3c,t1_lpqvhmp,People should be thinking of party loyalty in reverse. *They* should be loyal to *us*.,hugepedlar,1727749464.0,2024-10-01T02:24:24Z,54.0,False,2,2026-08-19T06:34:24Z,reddit_json_comments,,contextually relevant,0,directly relevant,available
lprbws3,1ft9v3c,t1_lpr3d09,"Yep, policy gang checking in! Now if only MSM, especially ABC, would actually compare policies of all the parties for the first time in history, instead of just Labor and LNP.",ScruffyPeter,1727752847.0,2024-10-01T03:20:47Z,13.0,False,3,2026-08-19T06:34:24Z,reddit_json_comments,,contextually relevant,0,directly relevant,available
lpsdxry,1ft9v3c,t1_lprbws3,"There ain't a great deal of comprehensive policy outside of the Greens, Labor and the LNP. JLN and ONP don't really have a great deal of policy specifics.",Blend42,1727775966.0,2024-10-01T09:46:06Z,3.0,False,4,2026-08-19T06:34:24Z,reddit_json_comments,,contextually relevant,0,directly relevant,available
lps8ks8,1ft9v3c,t1_lpqvhmp,"Yeah, that people treat the government as if it was the AFL or NRL makes me want to scream.",Zims_Moose,1727772121.0,2024-10-01T08:42:01Z,3.0,False,2,2026-08-19T06:34:24Z,reddit_json_comments,,contextually relevant,0,directly relevant,available
lpredz6,1ft9v3c,t1_lpqd6n1,"I've always voted Greens first and preferenced Labor second and I would like to think that's why my registered home electorate is currently Greens (Council), Greens (State) and Greens (Federal). Needs to be more of a common thing.",2littleducks,1727753911.0,2024-10-01T03:38:31Z,21.0,False,1,2026-08-19T06:34:24Z,reddit_json_comments,,contextually relevant,0,directly relevant,available
lpsdzo9,1ft9v3c,t1_lpredz6,I'm in one of those too. I did start off being a Labor member and voted for them from 98-07 but have voted Greens since,Blend42,1727776001.0,2024-10-01T09:46:41Z,1.0,False,2,2026-08-19T06:34:24Z,reddit_json_comments,,contextually relevant,0,directly relevant,available
lpsdyyy,1ft9v3c,t1_lpqd6n1,Thank god for ranked choice voting. Watching some Americans go all-in on a party they don't even like just because it's the only non-evil one with a chance of winning is depressing,TheMusicalTrollLord,1727775988.0,2024-10-01T09:46:28Z,3.0,False,1,2026-08-19T06:34:24Z,reddit_json_comments,,contextually relevant,0,directly relevant,available
lpqqctr,1ft9v3c,t1_lpqd6n1,Makes me feel like that too.,B0ssc0,1727744634.0,2024-10-01T01:03:54Z,10.0,True,1,2026-08-19T06:34:24Z,reddit_json_comments,,contextually relevant,0,directly relevant,available
lpr81nl,1ft9v3c,t3_1ft9v3c,And in England they have just ended all coal power generation with their last power station coal plant being closed. A nation where coal was embedded in their history and culture. Australia's best practice governance that always knows better than the rest of the world that everyone knows is backwards and stupid thinking.,[deleted],1727751277.0,2024-10-01T02:54:37Z,29.0,False,0,2026-08-19T06:34:24Z,reddit_json_comments,,contextually relevant,0,directly relevant,available
lprjz5x,1ft9v3c,t1_lpr81nl,"Not only that, but the UK is in a worse position than Australia for both solar and wind, and they still did it.",evilparagon,1727756609.0,2024-10-01T04:23:29Z,19.0,False,1,2026-08-19T06:34:24Z,reddit_json_comments,,contextually relevant,0,directly relevant,available
lpre3gr,1ft9v3c,t1_lpr81nl,"but they have not ended coal power consumption, they still import energy. although most of the energy imported is nuclear lol",[deleted],1727753779.0,2024-10-01T03:36:19Z,6.0,False,1,2026-08-19T06:34:24Z,reddit_json_comments,,contextually relevant,0,directly relevant,available
lprf2l7,1ft9v3c,t1_lpre3gr,"Gas costs more in Australia than UK albeit electricity costs less in Australia. This, despite Australia being the number 1 exporter of gas. Source: Compared Buckingham Palace vs Sydney recently (factored in exchange rates and MJ/kwh).",ScruffyPeter,1727754223.0,2024-10-01T03:43:43Z,7.0,False,2,2026-08-19T06:34:24Z,reddit_json_comments,,contextually relevant,0,directly relevant,available
lpri2yn,1ft9v3c,t1_lprf2l7,"ill be honest i dont understand what you are saying here? buckingham palace?? i just got a quote from the cheapest gas supplier in UK, converted to AUD its 12.7c per kWh. in Australia gas prices vary but if you pay 3.5c/MJ, thats equivalent to 12.6c/kWh, so the same as UK",[deleted],1727755653.0,2024-10-01T04:07:33Z,-3.0,False,3,2026-08-19T06:34:24Z,reddit_json_comments,,contextually relevant,0,directly relevant,available
lprk53u,1ft9v3c,t1_lpri2yn,"Yes, you select a location in UK and Australia, then compare prices. You've done the look up yourself and your conclusion is that no 1 exporting country gas costs about the same as the importing country? Are you agreeing with me that Australians are getting shafted then?",ScruffyPeter,1727756694.0,2024-10-01T04:24:54Z,7.0,False,4,2026-08-19T06:34:24Z,reddit_json_comments,,contextually relevant,0,directly relevant,available
lpql20t,1ft9v3c,t3_1ft9v3c,">The former Liberal-National Coalition government approved “up to twice as many coal projects as renewables”, while under Labor “renewables are now outstripping coal 10-to-one”. Seems positive to me.",mulefish,1727742684.0,2024-10-01T00:31:24Z,31.0,False,0,2026-08-19T06:34:24Z,reddit_json_comments,,contextually relevant,0,directly relevant,available
lpr1rxb,1ft9v3c,t1_lpql20t,"What's worse, the party that says climate change is crap, or the party who says they believe in the science and then approves every fossil fuel development that crosses their desk except for the one owned by Clive Palmer?",Zims_Moose,1727748877.0,2024-10-01T02:14:37Z,12.0,False,1,2026-08-19T06:34:24Z,reddit_json_comments,,contextually relevant,0,directly relevant,available
lpren6w,1ft9v3c,t1_lpr1rxb,"You're wrong, LNP actually believe in climate change! And Labor have absolutely attacked LNP for saying they believe in climate change while APPROVING new coal projects. > Tanya Plibersek (Sydney, Australian Labor Party, Deputy Leader of the Opposition) Share this | Link to this | Hansard source > My question is to the Prime Minister. Can the Prime Minister confirm reports he held crisis talks with government MPs last night in a bid to stop them voting against his energy policy? Given the Prime Minister has failed to appease his internal enemies by trading his convictions on climate change for new coal-fired power stations, what else is he planning to give up to the right wing of his party in order to keep his job? https://www.openaustralia.org.au/debates/?id=2018-08-15.66.1 Almost like LNP and Labor are happy to give comforting lies with no consquence. All the statements of ""can't trust minor parties to run government"" was projection and to scare us away from new ideas and to keep voting for the conservative captured parties.",ScruffyPeter,1727754028.0,2024-10-01T03:40:28Z,3.0,False,2,2026-08-19T06:34:24Z,reddit_json_comments,,contextually relevant,0,directly relevant,available
lps8gg7,1ft9v3c,t1_lpren6w,"I know, it's weird right? Almost as if they take their marching orders from the same people!",Zims_Moose,1727772035.0,2024-10-01T08:40:35Z,2.0,False,3,2026-08-19T06:34:24Z,reddit_json_comments,,contextually relevant,0,directly relevant,available
lpr2vhe,1ft9v3c,t1_lpr1rxb,Hyperbole does not make a compelling argument.,mulefish,1727749288.0,2024-10-01T02:21:28Z,-7.0,False,2,2026-08-19T06:34:24Z,reddit_json_comments,,contextually relevant,0,directly relevant,available
lpr6b55,1ft9v3c,t1_lpr2vhe,Labor's version of taking the science seriously is the same as a cancer patient trying to treat it with crystal infused tea chamomile tea.,Zims_Moose,1727750587.0,2024-10-01T02:43:07Z,11.0,False,3,2026-08-19T06:34:24Z,reddit_json_comments,,contextually relevant,0,directly relevant,available
lprbuq2,1ft9v3c,t1_lpr6b55,"Sure, it'll get you reddit votes but I seriously don't understand why you would bother responding with more hyperbole.",mulefish,1727752823.0,2024-10-01T03:20:23Z,-7.0,False,4,2026-08-19T06:34:24Z,reddit_json_comments,,contextually relevant,0,directly relevant,available
lps83v4,1ft9v3c,t1_lprbuq2,Ok boomer,Zims_Moose,1727771775.0,2024-10-01T08:36:15Z,2.0,False,5,2026-08-19T06:34:24Z,reddit_json_comments,,contextually relevant,0,directly relevant,available
lprb7df,1ft9v3c,t1_lpql20t,"Definitely positive if looking at ""both sides"" but there's a reason why Labor is such an award-winning-for-not-being-LNP party, it's only a comparison between two government parties. There had not been any party other than Labor or LNP in Federal or even State level since WW2 and that could soon change. 2022 election was the lowest party vote for LNP and even Labor. Albo's policies were a disaster in less party votes than Shorten's policies 2019, let alone Shorten gaining a positive party vote in 2016 for much of the similar policies.",ScruffyPeter,1727752555.0,2024-10-01T03:15:55Z,3.0,False,1,2026-08-19T06:34:24Z,reddit_json_comments,,contextually relevant,0,directly relevant,available
lpqo5d1,1ft9v3c,t1_lpql20t,"Fuck them islanders, eh? We’re better than completely shithouse, what more do they want? To be able to stay alive? Teh fucking entitlement.",averbisaword,1727743819.0,2024-10-01T00:50:19Z,5.0,False,1,2026-08-19T06:34:24Z,reddit_json_comments,,contextually relevant,0,directly relevant,available
lpqqu0g,1ft9v3c,t1_lpqo5d1,"No need to engage with anyone in good faith when you can just look at every issue through a black and white, us vs them lens hey?",mulefish,1727744810.0,2024-10-01T01:06:50Z,-3.0,False,2,2026-08-19T06:34:24Z,reddit_json_comments,,contextually relevant,0,directly relevant,available
lprji39,1ft9v3c,t1_lpqqu0g,They were replying to your 'us vs them' comment in pointing out it's not enough and impacts more than 'us vs them'. Why are you framing their comment as 'black and white'? Accusing others of not engaging in good faith when you don't do it yourself hey?,ScruffyPeter,1727756366.0,2024-10-01T04:19:26Z,9.0,False,3,2026-08-19T06:34:24Z,reddit_json_comments,,contextually relevant,0,directly relevant,available
lprpe8k,1ft9v3c,t1_lprji39,Every interaction I have with you is bad faith.,mulefish,1727759514.0,2024-10-01T05:11:54Z,-3.0,False,4,2026-08-19T06:34:24Z,reddit_json_comments,,contextually relevant,0,directly relevant,available
lpr0v3i,1ft9v3c,t1_lpqo5d1,"The Pacific leaders should be complaining about the largest carbon emitters in the world, i.e. China, US, India. Nothing Australia does will change emissions trajectory of the planet.",Ok_Bird705,1727748537.0,2024-10-01T02:08:57Z,-15.0,False,2,2026-08-19T06:34:24Z,reddit_json_comments,,contextually relevant,0,directly relevant,available
lpr24ja,1ft9v3c,t1_lpr0v3i,"We are the fifth largest producer of coal but the second largest exporter of coal. Sure we don’t pollute as much as a country with an exponentially larger population but we are one of the largest polluters per capita and are one of the largest exporters, and that list is not close. Australians are seeing little to no benifit from these multinationals digging up our natural resources to export overseas but we are seeing the climate impacts of these actions so we should be angry over this",shiftymojo,1727749008.0,2024-10-01T02:16:48Z,23.0,False,3,2026-08-19T06:34:24Z,reddit_json_comments,,contextually relevant,0,directly relevant,available
lprdlz1,1ft9v3c,t1_lpr24ja,">Australians are seeing little to no benifit from these multinationals digging up our natural resources to export overseas That is a different argument about efficiency of our taxations system. >Sure we don’t pollute as much as a country with an exponentially larger population but we are one of the largest polluters per capita and are one of the largest exporters, and that list is not close. Unfortunately climate change doesn't care about ""per capita"". If China, India doesnt reduce their usage, what we do have no impact.",Ok_Bird705,1727753562.0,2024-10-01T03:32:42Z,-5.0,False,4,2026-08-19T06:34:24Z,reddit_json_comments,,contextually relevant,0,directly relevant,available
lpsjqwy,1ft9v3c,t1_lprdlz1,"so all smaller countries get a free pass on climate change and can pollute all they want? of course china, america, india, etc have the largest amount as their populations are dramatically larger but we can clean up our own act instead of just demanding they do it all. in 2023 Australia was a third of all global coal exports, we absolutely play a huge role in climate change as we are letting companies dig up our coal and ship it over seas so other countries can burn it. i bring up the lacking taxation on these multinationals to point out that we are letting these companies do it for little to no benefit for us, so why should we continue to open new coal and gas just to fuel the crisis that we may contribute a small amount of emissions to but contribute the largest share of exports to",shiftymojo,1727779643.0,2024-10-01T10:47:23Z,3.0,False,5,2026-08-19T06:34:24Z,reddit_json_comments,,contextually relevant,0,directly relevant,available
lpswrl0,1ft9v3c,t1_lpsjqwy,">in 2023 Australia was a third of all global coal exports, we absolutely play a huge role in climate change Unfortunately, coal is not a very rare resource so if we don't dig it, others will dig up their own coal. China already produces far more coal than Australia. We are large exporters but that still pales to global production. For example, China produced a record of 4.6billion tonnes of coal in 2023. Australia produced in total 440million tonnes, less than 1/10th of China coal production. >so all smaller countries get a free pass on climate change and can pollute all they want No, but it's stupid to blame small countries that effectively emits no emissions in a global sense. Tuvalu blaming Australia for rising sea levels is simply very silly.",Ok_Bird705,1727786025.0,2024-10-01T12:33:45Z,-1.0,False,6,2026-08-19T06:34:24Z,reddit_json_comments,,directly relevant,1,directly relevant,available
lpreky6,1ft9v3c,t1_lpr24ja,">we are one of the largest polluters per capita to be fair, if you are looking at per captia then you also have to recognise that our per capita emissions are *plummeting,* faster than any other major country*,* while China is *increasing*",[deleted],1727753999.0,2024-10-01T03:39:59Z,-3.0,False,4,2026-08-19T06:34:24Z,reddit_json_comments,,contextually relevant,0,directly relevant,available
lprvrfa,1ft9v3c,t1_lpreky6,Do you have a source on us being the fastest to fall per capita. I can only find that we are down 0.9% in CO2 emissions compared to last year. But I can find in 2023 we had emissions of 128 million but we exported nearly 198 million metric tons of coal which placed us as the largest exporter at 33.9% of global coal exports. [According to this website](https://www.epa.gov/energy/greenhouse-gases-equivalencies-calculator-calculations-and-references) it’s a 100% increase from coal weight to CO2 weight when burnt which means that’s nearly 400 million tons of CO2 if all that coal was burnt That alone accounts for nearly the entire global increase in CO2 in 2023 which was 410 million tons,shiftymojo,1727763340.0,2024-10-01T06:15:40Z,4.0,False,5,2026-08-19T06:34:24Z,reddit_json_comments,,contextually relevant,0,directly relevant,available
lprw3yr,1ft9v3c,t1_lprvrfa,[australia per capita emissions - Google Search](https://www.google.com/search?safe=active&sca_esv=39f9327b471b4a1c&sca_upv=1&sxsrf=ADLYWIJSxZBisAge_jg91-BYKL0H8uNqyw:1727763481060&q=australia+per+capita+emissions&udm=2&fbs=AEQNm0DSjjYWCybNh4Y2in02N243T619BNmiaSVjOLxzn8HuzfpKSeZkizlcr3nPO-T_Dw2kC3017Vli6z_kJLUAVgeYDCyqXpOjLzNE_yV-Aij9k5AlPMe1CvY3LUHURVKUnJvcMiYE8oSUbib7ER2DWaJv9SCD8JxOVhbr0CifPoICkVwIu6tRfYxfU6QfQfr5h32ZKt4vUTXsSXmW3J5-sLsEM7iQtA&sa=X&ved=2ahUKEwj3mq3ExOyIAxUbxjgGHQ_JOS4QtKgLegQIFxAB&biw=1272&bih=604&dpr=1.5#vhid=1Z26mndXUvBLoM&vssid=mosaic) first result has us going down most,[deleted],1727763565.0,2024-10-01T06:19:25Z,-2.0,False,6,2026-08-19T06:34:24Z,reddit_json_comments,,contextually relevant,0,directly relevant,available
lps1cyo,1ft9v3c,t1_lprw3yr,"Those are predictions made in 2012, and targets for reduction not actual reduction, and only compared to a few Luther countries, does not state we actually reduced it by the most. And the point of this post is that we may not be actually polluting the most but we are absolutely enabling other countries to pollute more by having multi nationals dig it up and then ship it overseas",shiftymojo,1727767078.0,2024-10-01T07:17:58Z,2.0,False,7,2026-08-19T06:34:24Z,reddit_json_comments,,contextually relevant,0,directly relevant,available
lq5b7e3,1ft9v3c,t1_lpreky6,No they are not. https://www.datawrapper.de/_/0McLM/ From this article https://www.theguardian.com/business/grogonomics/2024/oct/03/tanya-plibersek-coalmine-decision-climate-housing-emissions,Zims_Moose,1727967690.0,2024-10-03T15:01:30Z,0.0,False,5,2026-08-19T06:34:24Z,reddit_json_comments,,contextually relevant,0,directly relevant,available
lpr2eao,1ft9v3c,t1_lpr0v3i,"We export a significant amount of fossil fuels globally and bear responsibility for that supply. By reducing it, we can influence the emissions trajectory, making fossil fuels more expensive and less attractive, thus promoting a shift toward sustainable alternatives. It's disingenuous to claim we have no role to play, especially when using the excuse that other countries are worse, which doesn't justify inaction on our part.",cutsnek,1727749111.0,2024-10-01T02:18:31Z,13.0,False,3,2026-08-19T06:34:24Z,reddit_json_comments,,contextually relevant,0,directly relevant,available
lprdcob,1ft9v3c,t1_lpr2eao,">It's disingenuous to claim we have no role to play, especially when using the excuse that other countries are worse, which doesn't justify inaction on our part. It is when our total emissions + exports account for a fraction of global emissions. China mines far more coal than Australia.",Ok_Bird705,1727753448.0,2024-10-01T03:30:48Z,-5.0,False,4,2026-08-19T06:34:24Z,reddit_json_comments,,contextually relevant,0,directly relevant,available
lpre55g,1ft9v3c,t1_lprdcob,"No, it doesn't. On a per capita basis, Australia is an absolute environmental vandal, punching well above our weight. We're not even reaping most of the financial rewards, we sell our resources for next to nothing while multinationals pocket the profits, and we give them subsidies for the privilege. Just because others are doing worse doesn't excuse us.",cutsnek,1727753800.0,2024-10-01T03:36:40Z,7.0,False,5,2026-08-19T06:34:24Z,reddit_json_comments,,contextually relevant,0,directly relevant,available
lpremmo,1ft9v3c,t1_lpre55g,">On a per capita basis Climate change doesn't care about per capita, it cares about the aggregate. >We're not even reaping most of the financial rewards, we sell our resources for next to nothing That is a different issue, not a climate change impact one. >Just because others are doing worse doesn't excuse us. It does when what we do would have very little if any impact on global carbon emissions.",Ok_Bird705,1727754021.0,2024-10-01T03:40:21Z,0.0,False,6,2026-08-19T06:34:24Z,reddit_json_comments,,contextually relevant,0,directly relevant,available
lpr1gvv,1ft9v3c,t1_lpr0v3i,"It's not my speeding that causes all the traffic accidents, it's everyone else.",Pounce_64,1727748762.0,2024-10-01T02:12:42Z,12.0,False,3,2026-08-19T06:34:24Z,reddit_json_comments,,contextually relevant,0,directly relevant,available
lpr23iq,1ft9v3c,t1_lpr1gvv,That is true when you are speeding 1km over the limit and the other drivers are speeding at +45km.,Ok_Bird705,1727748997.0,2024-10-01T02:16:37Z,-4.0,False,4,2026-08-19T06:34:24Z,reddit_json_comments,,contextually relevant,0,directly relevant,available
lprw4cp,1ft9v3c,t1_lpr0v3i,"Oh, cool. We should definitely just do nothing, then.",averbisaword,1727763572.0,2024-10-01T06:19:32Z,3.0,False,3,2026-08-19T06:34:24Z,reddit_json_comments,,contextually relevant,0,directly relevant,available
lpryh9o,1ft9v3c,t1_lprw4cp,"We should do something, but we are not responsible for Tuvalu having problems with rising sea levels.",Ok_Bird705,1727765124.0,2024-10-01T06:45:24Z,0.0,False,4,2026-08-19T06:34:24Z,reddit_json_comments,,directly relevant,1,directly relevant,available
lprflb4,1ft9v3c,t3_1ft9v3c,"UK just closed their last coalmine. Why the F can't Australia?? All that land, wind and sun and we can't stop using fossil fuels.",Itchy_Importance6861,1727754462.0,2024-10-01T03:47:42Z,8.0,False,0,2026-08-19T06:34:24Z,reddit_json_comments,,contextually relevant,0,directly relevant,available
lprhbp8,1ft9v3c,t1_lprflb4,"> UK just closed their last coalmine. it's likely that coal from the UK is more expensive, as nobody near the UK is going to be buying much. China's import of coal is easier via australia. While climate change may also have played a part, it is unlikely to be the main economic driver of why coal mines close.",Chii,1727755283.0,2024-10-01T04:01:23Z,0.0,False,1,2026-08-19T06:34:24Z,reddit_json_comments,,contextually relevant,0,directly relevant,available
lprq7br,1ft9v3c,t1_lprflb4,"We're not just sitting here doing nothing. We're actively rolling out large scale energy projects, with the world's largest solar farm recently approved for construction. https://cleanenergycouncil.org.au/advocacy/industry-snapshot While UK have shut down their fossil fueled stations, it doesn't really indicate how much energy they are importing from other countries.",WretchedMisteak,1727759976.0,2024-10-01T05:19:36Z,-3.0,False,1,2026-08-19T06:34:24Z,reddit_json_comments,,contextually relevant,0,directly relevant,available
lprzz10,1ft9v3c,t1_lprq7br,"you can have a look [https://www.energydashboard.co.uk/live](https://www.energydashboard.co.uk/live) its a snapshot but at 5pm their time, 3.68Gw out of 31.4Gw. way more wind generation than i thought and way less nuclear than i thought",sirstupido,1727766120.0,2024-10-01T07:02:00Z,6.0,False,2,2026-08-19T06:34:24Z,reddit_json_comments,,contextually relevant,0,directly relevant,available
lptrt9c,1ft9v3c,t3_1ft9v3c,Why don’t these Pacific island countries criticise China to the extent that they criticise Australia?,EternalAngst23,1727797129.0,2024-10-01T15:38:49Z,1.0,False,0,2026-08-19T06:34:24Z,reddit_json_comments,,contextually relevant,0,directly relevant,available
lpw3m68,1ft9v3c,t1_lptrt9c,> Why don’t these Pacific island countries criticise China to the extent that they criticise Australia? That sounds like a little kid being reprimanded and whinging about their siblings,B0ssc0,1727824042.0,2024-10-01T23:07:22Z,2.0,True,1,2026-08-19T06:34:24Z,reddit_json_comments,,contextually relevant,0,directly relevant,available
lpx42yi,1ft9v3c,t1_lpw3m68,"Australia is currently in the process of decommissioning ALL of its coal-fired power stations, while China is building 82 new ones. I can’t help but find it interesting that you never hear countries like Tuvalu badmouth China for their massive amount of carbon emissions, but they’re more than willing to constantly target their criticism at Australia. It’s not whinging; anyone with half a brain can make that observation.",EternalAngst23,1727837565.0,2024-10-02T02:52:45Z,1.0,False,2,2026-08-19T06:34:24Z,reddit_json_comments,,contextually relevant,0,directly relevant,available
lpx9a4t,1ft9v3c,t1_lpx42yi,So what? We’re talking about us opening new coal m8nes. Banging on about China is sidetracking.,B0ssc0,1727839756.0,2024-10-02T03:29:16Z,0.0,True,3,2026-08-19T06:34:24Z,reddit_json_comments,,contextually relevant,0,directly relevant,available
lpxdx11,1ft9v3c,t1_lpx9a4t,Are you daft? Do you think Australia is the world’s only supplier of coal?,EternalAngst23,1727841901.0,2024-10-02T04:05:01Z,1.0,False,4,2026-08-19T06:34:24Z,reddit_json_comments,,contextually relevant,0,directly relevant,available
lprcfeg,1ft9v3c,t3_1ft9v3c,Aren't these the same Pacific nations that take money from China hand over fist to do the same and worse?,oCantankerousTeacher,1727753056.0,2024-10-01T03:24:16Z,-6.0,False,0,2026-08-19T06:34:24Z,reddit_json_comments,,contextually relevant,0,directly relevant,available
lprgkk8,1ft9v3c,t1_lprcfeg,"If you mean the same Pacific nations that Australia neglected which then opened the doors for the CCP to give themselves a strategic foothold between Australia and Hawaii, then yes, those same Pacific nations.",2littleducks,1727754921.0,2024-10-01T03:55:21Z,14.0,False,1,2026-08-19T06:34:24Z,reddit_json_comments,,contextually relevant,0,directly relevant,available
lprhg36,1ft9v3c,t1_lprgkk8,"where i'm from, that's called extortion.",Chii,1727755342.0,2024-10-01T04:02:22Z,-8.0,False,2,2026-08-19T06:34:24Z,reddit_json_comments,,contextually relevant,0,directly relevant,available
lprnr93,1ft9v3c,t1_lprhg36,The rest of the world calls it soft power politics. It's pretty common.,sostopher,1727758611.0,2024-10-01T04:56:51Z,9.0,False,3,2026-08-19T06:34:24Z,reddit_json_comments,,contextually relevant,0,directly relevant,available
lpr5noz,1ft9v3c,t3_1ft9v3c,"It was disappointing that Australia roundly rejected nuclear projects. But we did have a bunch of economists, scientists, analysts and other experts come out and say that it wasn't feasible, too expensive, and would interfere with our current renewable transition. Fine. If pro-nuclear people need to sit down and trust the science, then the extreme anti-coal absolutists do too. Renewables are going to take a lot of power, steel and money to build. Unless you have an alternative, you can't fault Australia for going after coal. Ends justify the means.",177329387473893,1727750338.0,2024-10-01T02:38:58Z,-13.0,False,0,2026-08-19T06:34:24Z,reddit_json_comments,,contextually relevant,0,directly relevant,available
lprgt1i,1ft9v3c,t1_lpr5noz,Stop trying to make ~~fetch~~ nuclear happen because it's not going to happen!,2littleducks,1727755034.0,2024-10-01T03:57:14Z,8.0,False,1,2026-08-19T06:34:24Z,reddit_json_comments,,contextually relevant,0,directly relevant,available
n5c7023,1ma5xa3,t3_1ma5xa3,"Half of the nation's population it says, damn.",DexJones,1753568608.0,2025-07-26T22:23:28Z,418.0,False,0,2026-08-19T06:34:24Z,reddit_json_comments,,contextually relevant,0,directly relevant,available
n5c9ena,1ma5xa3,t1_n5c7023,"Only allowing 280 per year though, that's around 18 years for the people who have applied so far. Seems a bit too long to wait? Especially since they are already having trouble growing crops etc.",Buzz1ight,1753569479.0,2025-07-26T22:37:59Z,259.0,False,1,2026-08-19T06:34:24Z,reddit_json_comments,,contextually relevant,0,directly relevant,available
n5cejq0,1ma5xa3,t1_n5c9ena,If half the country leaves too rapidly they’ll have bigger problems than growing crops for those remaining. Starting slow lets them establish good faith and plan ahead to make the process smooth,DetrimentalContent,1753571341.0,2025-07-26T23:09:01Z,227.0,False,2,2026-08-19T06:34:24Z,reddit_json_comments,,contextually relevant,0,directly relevant,available
n5cmrnk,1ma5xa3,t1_n5cejq0,"They have other serious problems besides sea level rise. What soil they have left is washing away, lower rainfalls, ground water contamination from sewage and other pollution. So if rising seawater does not force them off, the unfolding environmental catastrophe and things like over fishing and the inability to grow food will force them off. Its a complex problem and maybe evacuation is the inevitable conclusion. There are number of other small nations in the Pacific facing the same situation, places like Kiribati",[deleted],1753574317.0,2025-07-26T23:58:37Z,108.0,False,3,2026-08-19T06:34:24Z,reddit_json_comments,,contextually relevant,0,directly relevant,available
n5cr1g6,1ma5xa3,t1_n5cejq0,"They can still do that without making it as long as 280 a year. ETA: Someone else pointed out that the Tuvalu government didn't want the country to collapse overnight, which is fair enough.",[deleted],1753575976.0,2025-07-27T00:26:16Z,33.0,False,3,2026-08-19T06:34:24Z,reddit_json_comments,,contextually relevant,0,directly relevant,available
n5ekd91,1ma5xa3,t1_n5c9ena,"Estimates have them having ~20-100yrs before they go from having a massive problem to well and truly fucked. And don't get me wrong, that still fucking sucks for those on the island still, but as other's have pointed out there's other aspects to consider so maybe a slow start isn't entirely terrible even if it isn't ideal.",StorminNorman,1753607030.0,2025-07-27T09:03:50Z,10.0,False,2,2026-08-19T06:34:24Z,reddit_json_comments,,contextually relevant,0,directly relevant,available
n5cvqu0,1ma5xa3,t1_n5c7023,Given the choice I bet there are a lot of countries who would lose half their population to come to Australia.,Rush_Banana,1753577802.0,2025-07-27T00:56:42Z,29.0,False,1,2026-08-19T06:34:24Z,reddit_json_comments,,contextually relevant,0,directly relevant,available
nezqdta,1ma5xa3,t1_n5cvqu0,India's way ahead of you,Ok_Implement2955,1758244517.0,2025-09-19T01:15:17Z,1.0,False,2,2026-08-19T06:34:24Z,reddit_json_comments,,contextually relevant,0,directly relevant,available
n5nln2i,1ma5xa3,t1_n5c7023,Should just cede sovereignty to Australia.,Tomicoatl,1753727853.0,2025-07-28T18:37:33Z,2.0,False,1,2026-08-19T06:34:24Z,reddit_json_comments,,contextually relevant,0,directly relevant,available
n5qexxb,1ma5xa3,t1_n5nln2i,"I believe that would end up forcing the governments hand to take drastic action to save the islands, duty of care and all.",Suburbanturnip,1753760617.0,2025-07-29T03:43:37Z,1.0,False,2,2026-08-19T06:34:24Z,reddit_json_comments,,contextually relevant,0,directly relevant,available
n5xpktg,1ma5xa3,t1_n5nln2i,No thanks they can come here,CallMeMrButtPirate,1753857847.0,2025-07-30T06:44:07Z,1.0,False,2,2026-08-19T06:34:24Z,reddit_json_comments,,contextually relevant,0,directly relevant,available
n5cchv0,1ma5xa3,t3_1ma5xa3,"Great that they can do that, but also super sad that this is needed :(",[deleted],1753570600.0,2025-07-26T22:56:40Z,135.0,False,0,2026-08-19T06:34:24Z,reddit_json_comments,,contextually relevant,0,directly relevant,available
n5dufs9,1ma5xa3,t1_n5cchv0,"This is the first snowflake of what will grow into a massive snowball - tomorrow's boat people will be climate refugees and we have no excuse to not accept them, given our nation's emissions over the last century.",Ill_Football9443,1753592487.0,2025-07-27T05:01:27Z,42.0,False,1,2026-08-19T06:34:24Z,reddit_json_comments,,contextually relevant,0,directly relevant,available
n5elcxc,1ma5xa3,t1_n5dufs9,">and we have no excuse to not accept them, given our nation's emissions over the last century. I can't agree with this sentiment enough, but given you've acknowledged it I'm also pretty sure you're aware of how much of a shit fight it's going to be here when we start doing it. The culture wars of late have been AWESOME, gives me so much more faith in humanity...",StorminNorman,1753607636.0,2025-07-27T09:13:56Z,10.0,False,2,2026-08-19T06:34:24Z,reddit_json_comments,,contextually relevant,0,directly relevant,available
n5xprci,1ma5xa3,t1_n5dufs9,I agree with you but as I've been telling my mates for years I think automated turrets shooting anything that comes close is more likely once everything really goes tits up unfortunately.,CallMeMrButtPirate,1753857946.0,2025-07-30T06:45:46Z,1.0,False,2,2026-08-19T06:34:24Z,reddit_json_comments,,contextually relevant,0,directly relevant,available
n6a8nt4,1ma5xa3,t1_n5dufs9,"The excuse is gonna be ""human accelerated climate change isn't real"" if my friends and relatives in the regions are any example.",DisturbingRerolls,1754016882.0,2025-08-01T02:54:42Z,1.0,False,2,2026-08-19T06:34:24Z,reddit_json_comments,,contextually relevant,0,directly relevant,available
n5cfvob,1ma5xa3,t3_1ma5xa3,"Sad what’s happening to their homeland. Glad we can welcome them here, and hope there’s strong planning for the relief effort.",nexxthype,1753571820.0,2025-07-26T23:17:00Z,116.0,False,0,2026-08-19T06:34:24Z,reddit_json_comments,,contextually relevant,0,directly relevant,available
n5cuqwt,1ma5xa3,t3_1ma5xa3,"The inability of any sort of critical thinking of people on reddit is quite disturbing. They have a population of 10k spread over 26 km² (about the size of a capital city suburb), therefore it is highly likely they are a relatively close knit group. There is at least a decade to act, therefore its best to get a small amount into Australia and get them set up before slowly ramping up the population intake, otherwise you have 10k ppl you are either going to have to spread them thinly across Australia (not really ideal to break up such a small community) or have a local nightmare lack of jobs, houses, services etc. There is definitely more of a plan going on than just 280 visas, and it involved potentially taking the entire population over enough time so it doesn't completely fuck both their society and where ever in Australia they are to be resettled. Its not rocket science. So many people just want to jump to the absolute worse case without any investigation or thought about the topic.",wogmafia,1753577419.0,2025-07-27T00:50:19Z,82.0,False,0,2026-08-19T06:34:24Z,reddit_json_comments,,contextually relevant,0,directly relevant,available
n5cbx7b,1ma5xa3,t3_1ma5xa3,"Just let them all in FFS. The country is sinking, and we have space. We need to stop the student visa scams, and let some neighbours who need it in. Or better yet, make it a territory like Christmas Island and let them freely enroll in citizenship if they'd like.",FML707,1753570392.0,2025-07-26T22:53:12Z,284.0,False,0,2026-08-19T06:34:24Z,reddit_json_comments,,contextually relevant,0,directly relevant,available
n5couor,1ma5xa3,t1_n5cbx7b,The limits are negotiated by the Tuvalu government. They don't want unlimited visas because their country would collapse overnight.,YOBlob,1753575113.0,2025-07-27T00:11:53Z,116.0,False,1,2026-08-19T06:34:24Z,reddit_json_comments,,contextually relevant,0,directly relevant,available
n5cch2x,1ma5xa3,t1_n5cbx7b,We should get the multinational corporations and mining conglomerates causing the majority of climate change to fund their relocation.,HappiHappiHappi,1753570592.0,2025-07-26T22:56:32Z,166.0,False,1,2026-08-19T06:34:24Z,reddit_json_comments,,contextually relevant,0,directly relevant,available
n5ckedq,1ma5xa3,t1_n5cch2x,"Some decades ago there was an offer to move the people of Nauru to Curtis Island, which they rejected. It seems like a possible new home for people from Tuvalu. > In 1963, the Australian Government proposed to acquire all the land on Curtis Island (which was considerably larger than Nauru) and then offer the Nauruans freehold title over the island and that the Nauruans would become Australian citizens. The costs of resettling the Nauruans on Curtis Island was estimated to be £10 million, which included housing and infrastructure and the establishment of pastoral, agricultural, and fishing industries They could of course be free to move to larger Australia cities, but given the cost of living and the housing shortage, not to mention the difference in living/climate/jobs/industries between Tuvalu and metro Sydney/Melbourne, building them a home closer to what they're coming from seems more sensible.",istara,1753573448.0,2025-07-26T23:44:08Z,39.0,False,2,2026-08-19T06:34:24Z,reddit_json_comments,,contextually relevant,0,directly relevant,available
n5dve7t,1ma5xa3,t1_n5cch2x,"What about our individual contributions? We - Use a lot of electricity, primarily sourced from coal - Eat a lot of beef - Drive big cars - Fly a lot - Use natural gas, pumping it through a leaky pipe network. Methane being 24x more polluting than CO2 - Shipped our waste to China to sort and recycle - Are wasteful consumers - Elected a government that retracted a carbon price Our personal choices are as much to blame as any corporation.",Ill_Football9443,1753592964.0,2025-07-27T05:09:24Z,-10.0,False,2,2026-08-19T06:34:24Z,reddit_json_comments,,contextually relevant,0,directly relevant,available
n5e0n3c,1ma5xa3,t1_n5dve7t,The actions of the richest 1% far outstrip those of individuals. The richest 10% of people in only the US and China and their associated industry were responsible for almost half of carbon emissions between 1990 and today. Similarly a 4 hour private jet flight emits as much carbon as an average individual does in one year. Blaming everyday individuals distracts from the bigger issues that the wealthiest people on the planet are destroying it for profit.,HappiHappiHappi,1753595694.0,2025-07-27T05:54:54Z,17.0,False,3,2026-08-19T06:34:24Z,reddit_json_comments,,contextually relevant,0,directly relevant,available
n5e2ghi,1ma5xa3,t1_n5e0n3c,"You're absolutely right that the wealthiest bear a disproportionate responsibility — and yes, systemic change is essential. But I don't think that lets the rest of us off the hook. It’s not a binary. We *can* acknowledge the excesses of billionaires and fossil fuel companies *and* still hold a mirror up to our own behaviours. Because the uncomfortable truth is: demand fuels supply. Corporations didn’t force us to install gas cooktops, drive oversized utes, or scoff at public transport. They made it easy — and we chose convenience. Over the next hour, we’ll burn 1,161 tonnes of black coal and 870 tonnes of brown coal to power our nation. Out the smoke stacks will flow 10,437,000 kilograms of CO₂ in that same hour (based on [AEMO figures](https://aemo.com.au/en/energy-systems/electricity/national-electricity-market-nem/data-nem/data-dashboard-nem)). That’s not all from private jets or billionaire yachts — that’s from boiling kettles, watching Netflix, running air conditioners, and keeping every “just-in-case” beer fridge running 24/7. Divide that by 25m Australians, that's 400g/each/per hour just for electricity. When Australians vote for governments that gut climate policy, or mock climate protestors, that’s not Gina Rinehart’s fault. That’s ours. Climate change isn’t just the outcome of greed at the top - it’s also the sum of a million small shrugs. So sure, let’s tax the billionaires, regulate the industries, and ground the jets. But let’s also stop pretending that turning a blind eye to our own emissions is some form of protest against theirs. It's not. It’s just more of the same.",Ill_Football9443,1753596688.0,2025-07-27T06:11:28Z,-1.0,False,4,2026-08-19T06:34:24Z,reddit_json_comments,,contextually relevant,0,directly relevant,available
n5cfyq8,1ma5xa3,t1_n5cbx7b,"I'm all for letting them in for humanitarian reasons alone, but actually making Tuvalu a territory of Australia would be great for us as well. They own the .TV website domain which is very popular with video sites. The land which won't be as suitable for crops and residences in the future will still be useful as a shipping, naval and air base and for scientific research.",BitterCrip,1753571850.0,2025-07-26T23:17:30Z,64.0,False,1,2026-08-19T06:34:24Z,reddit_json_comments,,contextually relevant,0,directly relevant,available
n5d612z,1ma5xa3,t1_n5cfyq8,I imagine the .TV domain would suddenly become a lot less desirable if it were controlled by our luddite government,Magmafrost13,1753581798.0,2025-07-27T02:03:18Z,11.0,False,2,2026-08-19T06:34:24Z,reddit_json_comments,,contextually relevant,0,directly relevant,available
n5i2e3a,1ma5xa3,t1_n5d612z,"Don't worry, the LNP would sell it in the next cycle.",utterly_baffledly,1753651266.0,2025-07-27T21:21:06Z,4.0,False,3,2026-08-19T06:34:24Z,reddit_json_comments,,contextually relevant,0,directly relevant,available
n5eilmv,1ma5xa3,t1_n5cfyq8,"Yeah, if we're going to be asked to take their entire population. Just make it formal and annex them.",Flugplatz_Cottbus,1753605972.0,2025-07-27T08:46:12Z,4.0,False,2,2026-08-19T06:34:24Z,reddit_json_comments,,contextually relevant,0,directly relevant,available
n5cp845,1ma5xa3,t1_n5cbx7b,"100% we need to step up and provide sanctuary to these communities. We have a responsibility as one of the largest developed countries in this region. We have the space and should be doing the right thing here so that we are on the right side of history. Mateship shouldn't just extend to fellow Australians, it should also extend to our neighbours.",PhDresearcher2023,1753575258.0,2025-07-27T00:14:18Z,14.0,False,1,2026-08-19T06:34:24Z,reddit_json_comments,,contextually relevant,0,directly relevant,available
n5e904v,1ma5xa3,t1_n5cbx7b,"Agreed, we have something like 700k 'Indian Australians'. Tuvalu is a drop in the bucket compared to that number.",OptimusRex,1753600351.0,2025-07-27T07:12:31Z,2.0,False,1,2026-08-19T06:34:24Z,reddit_json_comments,,contextually relevant,0,directly relevant,available
n5cdch9,1ma5xa3,t1_n5cbx7b,We don't have space we are 300 000 houses behind what we need lol I know you people from reddit can't grasp reality or common sense but damn,Front-Cattle-2939,1753570903.0,2025-07-26T23:01:43Z,-35.0,False,1,2026-08-19T06:34:24Z,reddit_json_comments,,contextually relevant,0,directly relevant,available
n5ckhqm,1ma5xa3,t1_n5cdch9,"If we could absorb 2 million people in the ten years after WW2 with the fewer resources back then I'm sure we can cope with 10,000 people spread over five years (the entire population of Tuvalu is under 10,000).",trowzerss,1753573482.0,2025-07-26T23:44:42Z,21.0,False,2,2026-08-19T06:34:24Z,reddit_json_comments,,contextually relevant,0,directly relevant,available
n5d34fv,1ma5xa3,t1_n5ckhqm,"They are only letting 280 of them into Aus each year, so itll take 18 years for the current applicants to all arrive. Its not going to impact us. Not when we let in 20 times that in 'international students'/uber drivers each year",Daddyssillypuppy,1753580667.0,2025-07-27T01:44:27Z,12.0,False,3,2026-08-19T06:34:24Z,reddit_json_comments,,contextually relevant,0,directly relevant,available
n5ck1ey,1ma5xa3,t1_n5cdch9,"for those who've come across the seas, we've boundless plains to share. i'm sure i've heard that somewhere before. Boundless. Share.",fnaah,1753573317.0,2025-07-26T23:41:57Z,11.0,False,2,2026-08-19T06:34:24Z,reddit_json_comments,,contextually relevant,0,directly relevant,available
n5d2a1e,1ma5xa3,t1_n5cdch9,"I mean, I'll be happy to switch places with them, get a tropical seaside paradise in exchange. I'll even put in some work so that the island maintains it's liveability in the future. Looks like a prime place to build a whole lot of undersea domes and make a futuristic sea city.",LifeIsBizarre,1753580335.0,2025-07-27T01:38:55Z,2.0,False,2,2026-08-19T06:34:24Z,reddit_json_comments,,contextually relevant,0,directly relevant,available
n5dhgpn,1ma5xa3,t1_n5cdch9,I agree with you about the numbers but Tuvaluans are not the problem,Inevitable-Fix-917,1753586511.0,2025-07-27T03:21:51Z,0.0,False,2,2026-08-19T06:34:24Z,reddit_json_comments,,contextually relevant,0,directly relevant,available
n5cive5,1ma5xa3,t1_n5cbx7b,"Sure as long as their perents are happy to pay 50k per year in ""tuition""",Thebandroid,1753572891.0,2025-07-26T23:34:51Z,-17.0,False,1,2026-08-19T06:34:24Z,reddit_json_comments,,contextually relevant,0,directly relevant,available
n5clzpn,1ma5xa3,t1_n5cive5,[נמחק],[deleted],1753574027.0,2025-07-26T23:53:47Z,5.0,False,2,2026-08-19T06:34:24Z,reddit_json_comments,,contextually relevant,0,directly relevant,available
n5cp3fz,1ma5xa3,t3_1ma5xa3,This is just the beginning. I fear that we wont be able to meet the demands of the sheer amount of climate refugees we’ll see. It’s in the millions.,[deleted],1753575207.0,2025-07-27T00:13:27Z,20.0,False,0,2026-08-19T06:34:24Z,reddit_json_comments,,contextually relevant,0,directly relevant,available
n5d0k1q,1ma5xa3,t1_n5cp3fz,"*Hundreds* of millions. And many of them will be looking to Australia as an option. We lost our shit when a few thousand people arrived by boats, imagine where we go when it's hundreds of thousands, or millions. Our children will live in a country that blows up refugee boats with drones.",Drongo17,1753579654.0,2025-07-27T01:27:34Z,13.0,False,1,2026-08-19T06:34:24Z,reddit_json_comments,,contextually relevant,0,directly relevant,available
n5cpmve,1ma5xa3,t1_n5cp3fz,We could be climate refugees ourselves one day. We're running out of water.,Particular_Shock_554,1753575419.0,2025-07-27T00:16:59Z,6.0,False,1,2026-08-19T06:34:24Z,reddit_json_comments,,contextually relevant,0,directly relevant,available
n5cq3vb,1ma5xa3,t1_n5cpmve,"We’ll be fine. Australia has enough water storage for now. We do desperately need more though because it’s really only a good couple years of drought and then our reserves are dry. We’ll never completely run out of water though, desalination plants do a lot of heavy lifting",[deleted],1753575605.0,2025-07-27T00:20:05Z,12.0,False,2,2026-08-19T06:34:24Z,reddit_json_comments,,contextually relevant,0,directly relevant,available
n5cs4g2,1ma5xa3,t1_n5cq3vb,> We’ll be fine. Australia has enough water storage for now. We won't after the techbros get their way and install a whole bunch of AI datacentres. (: (: ((((: Do you have any idea how much water and energy those require?,[deleted],1753576398.0,2025-07-27T00:33:18Z,17.0,False,3,2026-08-19T06:34:24Z,reddit_json_comments,,contextually relevant,0,directly relevant,available
n5d1bn7,1ma5xa3,t1_n5cs4g2,So much for cheap renewable energy then. It will be like Gas where we have to pay the highest global prices.,triemdedwiat,1753579958.0,2025-07-27T01:32:38Z,3.0,False,4,2026-08-19T06:34:24Z,reddit_json_comments,,contextually relevant,0,directly relevant,available
n5dwhbx,1ma5xa3,t1_n5d1bn7,"Oh, renewable energy won't be cheap for anyone but the companies. They were never going to step over any potential profit.",[deleted],1753593508.0,2025-07-27T05:18:28Z,3.0,False,5,2026-08-19T06:34:24Z,reddit_json_comments,,contextually relevant,0,directly relevant,available
n5djseh,1ma5xa3,t1_n5cs4g2,Just make them install the centers in the north where the rainfall is increasing or underutilized anyway. It would be good to get more investment up there,Full_Distribution874,1753587532.0,2025-07-27T03:38:52Z,2.0,False,4,2026-08-19T06:34:24Z,reddit_json_comments,,contextually relevant,0,directly relevant,available
n5dsh6v,1ma5xa3,t1_n5djseh,Or build infrastructure that can transport excess water to area's that do not get a lot and create new spaces to live. We have the technology and the workforce however whilst we remain under a 2 party system we just do not have any governments that will do anything.,MazPet,1753591531.0,2025-07-27T04:45:31Z,1.0,False,5,2026-08-19T06:34:24Z,reddit_json_comments,,contextually relevant,0,directly relevant,available
n5emdur,1ma5xa3,t1_n5dsh6v,"Water movement is a waste of time. It is hugely energy intensive. We have air-conditioning these days, we can build cities in the north where the water already is",Full_Distribution874,1753608261.0,2025-07-27T09:24:21Z,1.0,False,6,2026-08-19T06:34:24Z,reddit_json_comments,,contextually relevant,0,directly relevant,available
n5eunzq,1ma5xa3,t1_n5emdur,Cyclones.,Silver_Python,1753613105.0,2025-07-27T10:45:05Z,1.0,False,7,2026-08-19T06:34:24Z,reddit_json_comments,,contextually relevant,0,directly relevant,available
n5fx7uh,1ma5xa3,t1_n5eunzq,It's still easier to build cyclone resistance into the area than move water. Water is really heavy. There's a reason the Bradfield scheme went nowhere,Full_Distribution874,1753628156.0,2025-07-27T14:55:56Z,1.0,False,8,2026-08-19T06:34:24Z,reddit_json_comments,,contextually relevant,0,directly relevant,available
n5evxza,1ma5xa3,t3_1ma5xa3,Tuvalu will be empty in like 3 generations,j0shman,1753613784.0,2025-07-27T10:56:24Z,5.0,False,0,2026-08-19T06:34:24Z,reddit_json_comments,,contextually relevant,0,directly relevant,available
n5ewerm,1ma5xa3,t1_n5evxza,"It might not be soon enough. In one generation, 50% of the land will regularly be inundated.",cojoco,1753614031.0,2025-07-27T11:00:31Z,7.0,True,1,2026-08-19T06:34:24Z,reddit_json_comments,,contextually relevant,0,directly relevant,available
n5d0zcs,1ma5xa3,t3_1ma5xa3,"It's important to note that per capita, Australia is one of the worst climate polluters in the world. We have consistently been amongst the slowest to act to reduce emissions. We have done far more than most to create this problem and we have an obligation to deal with the consequences.",Drongo17,1753579823.0,2025-07-27T01:30:23Z,20.0,False,0,2026-08-19T06:34:24Z,reddit_json_comments,,contextually relevant,0,directly relevant,available
nezqfxb,1ma5xa3,t1_n5d0zcs,China 😍😍😍,Ok_Implement2955,1758244537.0,2025-09-19T01:15:37Z,1.0,False,1,2026-08-19T06:34:24Z,reddit_json_comments,,contextually relevant,0,directly relevant,available
n5gbqa6,1ma5xa3,t1_n5d0zcs,Per capita means shit.,Several-Savings-7596,1753632538.0,2025-07-27T16:08:58Z,0.0,False,1,2026-08-19T06:34:24Z,reddit_json_comments,,contextually relevant,0,directly relevant,available
n5iookq,1ma5xa3,t1_n5gbqa6,"If you were on a lifeboat with limited food, and one person was eating 60x as much as you were, would you consider it not a big deal?",Drongo17,1753658731.0,2025-07-27T23:25:31Z,4.0,False,2,2026-08-19T06:34:24Z,reddit_json_comments,,contextually relevant,0,directly relevant,available
n5db1hc,1ma5xa3,t3_1ma5xa3,"If anyone had hope of us dealing with the climate crisis, we're at the stage of countries facing being wiped from the map and mass-deaths of sea life washing up on metropolitan beaches. And we're still committed to more fossil fuel extraction as though everything's fine.",RedOx103,1753583813.0,2025-07-27T02:36:53Z,7.0,False,0,2026-08-19T06:34:24Z,reddit_json_comments,,contextually relevant,0,directly relevant,available
n5dupij,1ma5xa3,t3_1ma5xa3,"I couldn’t see in the article if there was any information about where in Australia they would go? I’d imagine that they’d want to stay close to each other and that the Australian government might think being in or near a city would be good to give them plenty of access to services. But I can also see how dumping a bunch of subsistence experienced island people in a city could be terrible for them. We have plenty of coastal areas up north that could feel familiar and provide a good landing point to start again, but they’re usually so far from services they may need… It’s an interesting predicament for sure",loleonii,1753592623.0,2025-07-27T05:03:43Z,3.0,False,0,2026-08-19T06:34:24Z,reddit_json_comments,,contextually relevant,0,directly relevant,available
n5ewuy9,1ma5xa3,t1_n5dupij,"in the 60s, it was proposed to give hte Naraus Curtis island. There's a lot of australian island territory that's ""higher ground"" which can be adapted for island natives and still be climate change proof.",count023,1753614266.0,2025-07-27T11:04:26Z,3.0,False,1,2026-08-19T06:34:24Z,reddit_json_comments,,contextually relevant,0,directly relevant,available
n5ezhri,1ma5xa3,t1_n5dupij,"They’ll go where the work is. Farms, abottoirs, etc. Places that are understaffed",klrob18,1753615603.0,2025-07-27T11:26:43Z,2.0,False,1,2026-08-19T06:34:24Z,reddit_json_comments,,contextually relevant,0,directly relevant,available
n5eimlf,1ma5xa3,t3_1ma5xa3,How good. Get to leave your home to the country causing you to leave home,DXPetti,1753605988.0,2025-07-27T08:46:28Z,6.0,False,0,2026-08-19T06:34:24Z,reddit_json_comments,,contextually relevant,0,directly relevant,available
n5ezcur,1ma5xa3,t1_n5eimlf,How it should be,klrob18,1753615535.0,2025-07-27T11:25:35Z,1.0,False,1,2026-08-19T06:34:24Z,reddit_json_comments,,contextually relevant,0,directly relevant,available
n5efru5,1ma5xa3,t3_1ma5xa3,Unpopular opinion we should carve out a special place for these people in our country. Work with there government to figure out an area where the majority of them can be relocated as to keep cultural identity as intact as possible and I'd say go as far as to give them some kinda special political power like a Tuvalu representative in parliament or something. Australia has done so much to contribute to climate change and due to the past decade of liberal leadership nothing to stop it. These people have essentially no choice but to leave there sovereign nation and there sovereignty. They lose there identity there culture there home. The very least we can do is give them a modicum of agency when they get here.,Bionic_Ferir,1753604263.0,2025-07-27T08:17:43Z,5.0,False,0,2026-08-19T06:34:24Z,reddit_json_comments,,directly relevant,1,directly relevant,available
n5eiwbk,1ma5xa3,t1_n5efru5,No way. I'm fine to take them in and have them assimilate. But not to let them start a micronation or have sovereignty. That's asking for trouble.,Flugplatz_Cottbus,1753606149.0,2025-07-27T08:49:09Z,8.0,False,1,2026-08-19T06:34:24Z,reddit_json_comments,,contextually relevant,0,directly relevant,available
n5ekv8w,1ma5xa3,t1_n5eiwbk,"I'm not saying microstates or sovereignty. I'm saying that A. They should all be relocated in roughly the same areas To allow for cultural identity to stay cohesive And B. They should be award some minor political representation within Our government ie, a representative body. To reflect that these people are not immigration or political asylum seekers who WILLINGLY left there country that if things improved they could return to. But ecogical asylum seekers WHO CAN NEVER RETURN AND NEVER AGAIN HAVE COMPLETE SOVEREIGNTY in there own independent land. They will always be a minority and subject the the government of what ever country takes them in. And beyond all that, the simple truth is over the next few decades this will happen More and more and we need to have a standard procedure in place when the next Pacific island becomes uninhabitable and underwater.",Bionic_Ferir,1753607335.0,2025-07-27T09:08:55Z,5.0,False,2,2026-08-19T06:34:24Z,reddit_json_comments,,contextually relevant,0,directly relevant,available
n5i8h0f,1ma5xa3,t3_1ma5xa3,"Good! I would like Australia to adopt a 'Big Island' migration policy that prioritizes citizens of the Oceania/Pacific region to live in Australia with dual citizenship (With a third nation source migration disallowed). But only in conjunction with a investment, environmental and development plan for the source nation.",Altruistic-Pop-8172,1753653202.0,2025-07-27T21:53:22Z,2.0,False,0,2026-08-19T06:34:24Z,reddit_json_comments,,contextually relevant,0,directly relevant,available
n5j1mir,1ma5xa3,t3_1ma5xa3,Only fair considering Australians are among the worst per capita with our carbon footprints of any people on the planet. We are major contributors so should be major supporters of the victims of our excesses and refusal to deal with it with any real urgency.,jolard,1753663443.0,2025-07-28T00:44:03Z,2.0,False,0,2026-08-19T06:34:24Z,reddit_json_comments,,contextually relevant,0,directly relevant,available
n5cvqpd,1ma5xa3,t3_1ma5xa3,Australia long term will be rekt by climate change too…,SupX,1753577801.0,2025-07-27T00:56:41Z,0.0,False,0,2026-08-19T06:34:24Z,reddit_json_comments,,contextually relevant,0,directly relevant,available
n5d1kip,1ma5xa3,t1_n5cvqpd,"Your current beach side holiday home won't be such a great investment then, unless you want a mooring for your house boat.",triemdedwiat,1753580056.0,2025-07-27T01:34:16Z,6.0,False,1,2026-08-19T06:34:24Z,reddit_json_comments,,contextually relevant,0,directly relevant,available
n5cznl2,1ma5xa3,t1_n5cvqpd,Australia is a continent.,readonlycomment,1753579302.0,2025-07-27T01:21:42Z,6.0,False,1,2026-08-19T06:34:24Z,reddit_json_comments,,contextually relevant,0,directly relevant,available
n5cyojk,1ma5xa3,t3_1ma5xa3,But we can’t do anything to prevent the reason they have to leave in the first place. Our governments are incompetent and corrupt. We need climate action now. Free the colonised and oppressed.,Slicktitlick,1753578925.0,2025-07-27T01:15:25Z,1.0,False,0,2026-08-19T06:34:24Z,reddit_json_comments,,contextually relevant,0,directly relevant,available
n5cehlk,1ma5xa3,t3_1ma5xa3,"Should classify them as refugees, so less afghans and so on.",FitBread6443,1753571319.0,2025-07-26T23:08:39Z,-21.0,False,0,2026-08-19T06:34:24Z,reddit_json_comments,,contextually relevant,0,directly relevant,available
n5ccf95,1ma5xa3,t3_1ma5xa3,[נמחק],[deleted],1753570574.0,2025-07-26T22:56:14Z,-123.0,False,0,2026-08-19T06:34:24Z,reddit_json_comments,,contextually relevant,0,directly relevant,available
n5cdgv6,1ma5xa3,t1_n5ccf95,Us Aussies don't want you either.,Ariliescbk,1753570948.0,2025-07-26T23:02:28Z,73.0,False,1,2026-08-19T06:34:24Z,reddit_json_comments,,contextually relevant,0,directly relevant,available
n5cjnpj,1ma5xa3,t1_n5ccf95,We’d happily trade you off for them,Industrial_Laundry,1753573180.0,2025-07-26T23:39:40Z,25.0,False,1,2026-08-19T06:34:24Z,reddit_json_comments,,contextually relevant,0,directly relevant,available
n5ceu1u,1ma5xa3,t1_n5ccf95,I’m a pretty strong advocate for reducing our nations immigration levels but I would openly welcome these people in given the reason they’re having to migrate is because of our obsession with fossil fuels.,Camsy34,1753571445.0,2025-07-26T23:10:45Z,43.0,False,1,2026-08-19T06:34:24Z,reddit_json_comments,,contextually relevant,0,directly relevant,available
n5ck60x,1ma5xa3,t1_n5ceu1u,"Not only that.. they’re our Oceania neighbours and tbh, I do think that all pacific island nations should be treated with the same respect we have for NZ.",I_Heart_Papillons,1753573363.0,2025-07-26T23:42:43Z,32.0,False,2,2026-08-19T06:34:24Z,reddit_json_comments,,contextually relevant,0,directly relevant,available
